Date,Open,High,Low,Close,Adj Close,Volume,P.E. ratio,36months return,60months return,120months return,,,,,,,date, value
1/1/2000,1469.25,1478,1350.140015,1394.459961,1394.459961,21494400000,27.3692,-15.0%,-3.3%,-2.6%,,,,0.123459594,,,1/12/1927,15.9099
1/2/2000,1394.459961,1444.550049,1325.069946,1366.420044,1366.420044,20912000000,26.8188,-14.9%,-2.5%,-2.1%,,,,0.24367745,,,1/1/1928,14.8898
1/3/2000,1366.420044,1552.869995,1346.619995,1498.579956,1498.579956,26156200000,29.4128,-17.3%,-4.7%,-2.4%,,,,0.058252134,,,1/2/1928,14.6271
1/4/2000,1498.579956,1527.189941,1339.400024,1452.430054,1452.430054,20106460000,27.9744,-14.2%,-4.4%,-2.0%,,,,,,,1/3/1928,16.339
1/5/2000,1452.430054,1481.51001,1361.089966,1420.599976,1420.599976,19898300000,27.3613,-12.1%,-3.5%,-2.6%,,,,,,,1/4/1928,15.8
1/6/2000,1420.599976,1488.930054,1420.599976,1454.599976,1454.599976,21738300000,28.0162,-12.5%,-3.9%,-3.4%,,,,,,,1/5/1928,16
1/7/2000,1454.599976,1517.319946,1413.890015,1430.829956,1430.829956,19089100000,26.6449,-11.5%,-2.9%,-2.6%,,,,,,,1/6/1928,15.312
1/8/2000,1430.829956,1525.209961,1425.430054,1517.680054,1517.680054,20363700000,28.2622,-12.8%,-4.3%,-3.6%,, S&P 500 , PE ,,,,1/7/1928,14.8321
1/9/2000,1517.680054,1530.089966,1419.439941,1436.51001,1436.51001,20838300000,26.7507,-11.5%,-3.1%,-2.3%,, Average , 25.92 ,,,,1/8/1928,15.9313
1/10/2000,1436.52002,1454.819946,1305.790039,1429.400024,1429.400024,25951400000,28.588,-9.8%,-3.3%,-1.9%,,,,,,,1/9/1928,16.1374
1/11/2000,1429.400024,1438.459961,1294.900024,1314.949951,1314.949951,20532300000,26.299,-7.0%,-1.0%,-1.1%,,25%, 18.52 ,,,,1/10/1928,15.7101
1/12/2000,1314.949951,1389.050049,1254.069946,1320.280029,1320.280029,23610800000,26.4056,-5.6%,-1.1%,-0.5%,, Median , 22.41 ,,,,1/11/1928,17.5942
1/1/2001,1320.280029,1383.369995,1274.619995,1366.01001,1366.01001,27829800000,30.0618,-6.1%,-1.3%,-0.6%,,75%, 26.93 ,,,,1/12/1928,17.6449
1/2/2001,1366.01001,1376.380005,1215.439941,1239.939941,1239.939941,21644400000,27.2874,-2.6%,0.6%,0.7%,,,,,,,1/1/1929,17.875
1/3/2001,1239.939941,1267.420044,1081.189941,1160.329956,1160.329956,27806610000,25.5354,-1.0%,2.2%,1.3%,,,,,,,1/2/1929,17.7708
1/4/2001,1160.329956,1269.300049,1091.98999,1249.459961,1249.459961,25409990000,33.9619,-3.9%,1.0%,0.9%,,,,,,,1/3/1929,17.7292
1/5/2001,1249.459961,1315.930054,1232,1255.819946,1255.819946,24525900000,34.1348,-3.7%,0.2%,0.7%,,,,,,,1/4/1929,17.2933
1/6/2001,1255.819946,1286.619995,1203.030029,1224.380005,1224.380005,24748030000,33.2802,-2.3%,0.7%,0.8%,,,,,,,1/5/1929,16.5533
1/7/2001,1224.420044,1239.780029,1165.540039,1211.22998,1211.22998,23793710000,42.7845,-3.1%,1.1%,0.6%,,,,,,,1/6/1929,18.2733
1/8/2001,1211.22998,1226.27002,1124.869995,1133.579956,1133.579956,23359200000,40.0417,-0.9%,2.8%,0.7%,,,,,,,1/7/1929,18.6323
1/9/2001,1133.579956,1155.400024,944.75,1040.939941,1040.939941,25025290000,36.7693,2.3%,5.1%,0.8%,,,,,,,1/8/1929,20.4581
1/10/2001,1040.939941,1110.609985,1026.76001,1059.780029,1059.780029,29951280000,42.9235,2.2%,5.4%,1.7%,,,,,,,1/9/1929,19.4581
1/11/2001,1059.780029,1163.380005,1054.310059,1139.449951,1139.449951,26330000000,46.1503,1.0%,4.2%,0.9%,,,,,,,1/10/1929,15
1/12/2001,1139.449951,1173.619995,1114.530029,1148.079956,1148.079956,25128570000,46.4998,1.8%,4.3%,0.9%,,,,,,,1/11/1929,12.9938
1/1/2002,1148.079956,1176.969971,1081.660034,1130.199951,1130.199951,29746200000,45.7571,1.5%,4.9%,1.5%,,,,,,,1/12/1929,13.323
1/2/2002,1130.199951,1130.199951,1074.359985,1106.72998,1106.72998,26047600000,44.8069,2.8%,4.9%,2.1%,,,,,,,1/1/1930,15.7172
1/3/2002,1106.72998,1173.939941,1106.72998,1147.390015,1147.390015,26563200000,46.453,1.0%,4.4%,2.1%,,,,,,,1/2/1930,16.0552
1/4/2002,1147.390015,1147.839966,1063.459961,1076.920044,1076.920044,28568900000,40.2737,2.4%,6.6%,2.6%,,,,,,,1/3/1930,16.6552
1/5/2002,1076.920044,1106.589966,1048.959961,1067.140015,1067.140015,26905500000,39.908,3.7%,7.5%,2.1%,,,,,,,1/4/1930,19.3023
1/6/2002,1067.140015,1070.73999,952.9199829,989.8200073,989.8200073,29981510000,37.0165,6.4%,8.7%,3.2%,,,,,,,1/5/1930,18.9845
1/7/2002,989.8200073,994.460022,775.6799927,911.6199951,911.6199951,42228720000,30.3469,10.6%,9.8%,4.2%,,,,,,,1/6/1930,15.8605
1/8/2002,911.6199951,965,833.4400024,916.0700073,916.0700073,29298400000,30.495,10.0%,10.0%,4.4%,,,,,,,1/7/1930,18.7699
1/9/2002,916.0700073,924.0200195,800.2000122,815.2800293,815.2800293,27723710000,27.1398,14.7%,13.4%,5.9%,,,,,,,1/8/1930,18.9115
1/10/2002,815.2800293,907.4400024,768.6300049,885.7600098,885.7600098,37856310000,32.1044,10.9%,11.8%,4.8%,,,,,,,1/9/1930,16.4513
1/11/2002,885.7600098,941.8200073,872.0499878,936.3099976,936.3099976,29200960000,33.9366,10.1%,9.6%,4.2%,,,,,,,1/10/1930,17.4639
1/12/2002,936.3099976,954.2800293,869.4500122,879.8200073,879.8200073,25993640000,31.8891,12.4%,10.8%,4.9%,,,,,,,1/11/1930,17.0825
1/1/2003,879.8200073,935.0499878,840.3400269,855.7000122,855.7000122,30749580000,28.2223,14.4%,10.0%,5.8%,,,,,,,1/12/1930,15.8144
1/2/2003,855.7000122,864.6400146,806.289978,841.1500244,841.1500244,25235300000,27.7424,15.0%,9.6%,6.1%,,,,,,,1/1/1931,18.2841
1/3/2003,841.1500244,895.9000244,788.9000244,848.1799927,848.1799927,30080030000,27.9743,15.1%,9.3%,6.3%,,,,,,,1/2/1931,20.375
1/4/2003,848.1799927,924.2399902,847.8499756,916.9199829,916.9199829,29669610000,26.5389,12.6%,8.6%,5.7%,,,,,,,1/3/1931,18.9659
1/5/2003,916.9199829,965.3800049,902.8300171,963.5900269,963.5900269,30952100000,27.8897,9.6%,7.8%,5.4%,,,,,,,1/4/1931,19.1013
1/6/2003,963.5900269,1015.330017,963.5900269,974.5,974.5,31219400000,28.2055,9.2%,5.6%,5.1%,,,,,,,1/5/1931,16.481
1/7/2003,974.5,1015.409973,962.0999756,990.3099976,990.3099976,31553200000,25.669,8.8%,5.1%,5.5%,,,,,,,1/6/1931,18.7722
1/8/2003,990.3099976,1011.01001,960.8400269,1008.01001,1008.01001,24881470000,26.1278,9.0%,4.9%,4.9%,,,,,,,1/7/1931,19.6143
1/9/2003,1008.01001,1040.290039,990.3599854,995.9699707,995.9699707,29940110000,25.8157,10.3%,3.2%,5.4%,,,,,,,1/8/1931,19.8
1/10/2003,995.9699707,1053.790039,995.9699707,1050.709961,1050.709961,32298500000,21.5574,9.5%,-1.6%,5.3%,,,,,,,1/9/1931,13.8714
1/11/2003,1050.709961,1063.650024,1031.199951,1058.199951,1058.199951,24463220000,21.7111,9.8%,-3.3%,5.5%,,,,,,,1/10/1931,17.2623
1/12/2003,1058.199951,1112.560059,1053.410034,1111.920044,1111.920044,27839130000,22.8133,8.5%,-4.1%,5.2%,,,,,,,1/11/1931,15.5738
1/1/2004,1111.920044,1155.380005,1105.079956,1131.130005,1131.130005,32820000000,21.7525,8.3%,-6.1%,4.7%,,,,,,,1/12/1931,13.3115
1/2/2004,1131.130005,1158.97998,1124.439941,1144.939941,1144.939941,27985600000,22.0181,7.1%,-8.5%,5.0%,,,,,,,1/1/1932,14.0893
1/3/2004,1144.939941,1163.22998,1087.160034,1126.209961,1126.209961,33597900000,21.6579,8.1%,-6.7%,5.2%,,,,,,,1/2/1932,14.8036
1/4/2004,1126.209961,1150.569946,1107.22998,1107.300049,1107.300049,31611900000,19.7204,10.2%,-4.6%,5.5%,,,,,,,1/3/1932,13.0536
1/5/2004,1107.300049,1127.73999,1076.319946,1120.680054,1120.680054,29326400000,19.9587,11.0%,-3.9%,5.6%,,,,,,,1/4/1932,11.4314
1/6/2004,1120.680054,1146.339966,1113.319946,1140.839966,1140.839966,27529500000,20.3177,9.6%,-4.2%,5.6%,,,,,,,1/5/1932,8.7647
1/7/2004,1140.839966,1140.839966,1078.780029,1101.719971,1101.719971,29285600000,19.0708,9.7%,-2.2%,5.8%,,,,,,,1/6/1932,8.6863
1/8/2004,1101.719971,1109.680054,1060.719971,1104.23999,1104.23999,26586800000,19.1144,10.1%,-1.6%,6.1%,,,,,,,1/7/1932,13.2609
1/9/2004,1104.23999,1131.540039,1099.180054,1114.579956,1114.579956,26829870000,19.2934,11.1%,-1.1%,5.9%,,,,,,,1/8/1932,18.2391
1/10/2004,1114.579956,1142.050049,1090.290039,1130.199951,1130.199951,31511000000,19.3032,11.1%,-1.7%,6.0%,,,,,,,1/9/1932,17.5652
1/11/2004,1130.199951,1188.459961,1127.599976,1173.819946,1173.819946,30460280000,20.0482,8.1%,-1.4%,5.8%,,,,,,,1/10/1932,16.9756
1/12/2004,1173.780029,1217.329956,1173.780029,1211.920044,1211.920044,31102500000,20.6989,6.6%,-1.7%,5.4%,,,,,,,1/11/1932,15.9756
1/1/2005,1211.920044,1217.800049,1163.75,1181.27002,1181.27002,31498800000,19.5834,5.3%,-1.9%,5.4%,,,,,,,1/12/1932,16.8049
1/2/2005,1181.27002,1212.439941,1180.949951,1203.599976,1203.599976,29297410000,19.9536,3.4%,-1.7%,5.7%,,,,,,,1/1/1933,16.5238
1/3/2005,1203.599976,1229.109985,1163.689941,1180.589966,1180.589966,39014150000,19.5721,3.9%,-0.2%,5.8%,,,,,,,1/2/1933,13.4762
1/4/2005,1180.589966,1191.880005,1136.150024,1156.849976,1156.849976,43424270000,18.2584,6.2%,0.5%,6.1%,,,,,,,1/3/1933,13.9286
1/5/2005,1156.849976,1199.560059,1146.180054,1191.5,1191.5,39321990000,18.8052,5.5%,-1.8%,5.9%,,,,,,,1/4/1933,19.3488
1/6/2005,1191.5,1219.589966,1188.300049,1191.329956,1191.329956,40334040000,18.8026,2.4%,-2.9%,5.6%,,,,,,,1/5/1933,22.4186
1/7/2005,1191.329956,1245.150024,1183.550049,1234.180054,1234.180054,37464670000,18.5396,0.9%,-2.2%,5.5%,,,,,,,1/6/1933,25.3721
1/8/2005,1234.180054,1245.859985,1201.069946,1220.329956,1220.329956,42030090000,18.3315,1.7%,-3.0%,4.9%,,,,,,,1/7/1933,23.1395
1/9/2005,1220.329956,1243.130005,1205.349976,1228.810059,1228.810059,44777510000,18.4589,-1.7%,-1.5%,4.6%,,,,,,,1/8/1933,25.7907
1/10/2005,1228.810059,1233.339966,1168.199951,1207.01001,1207.01001,49793790000,17.2603,-7.1%,-0.4%,5.6%,,,,,,,1/9/1933,22.8605
1/11/2005,1207.01001,1270.640015,1201.069946,1249.47998,1249.47998,45102870000,17.8676,-10.5%,-1.1%,5.2%,,,,,,,1/10/1933,20.3636
1/12/2005,1249.47998,1275.800049,1246.589966,1248.290039,1248.290039,41756130000,17.8506,-10.2%,0.1%,5.1%,,,,,,,1/11/1933,22.4545
1/1/2006,1248.290039,1294.900024,1245.73999,1280.079956,1280.079956,49211650000,17.615,-13.6%,0.1%,4.2%,,,,,,,1/12/1933,22.9545
1/2/2006,1280.079956,1297.569946,1253.609985,1280.660034,1280.660034,42859940000,17.623,-16.9%,0.7%,4.2%,,,,,,,1/1/1934,24.8222
1/3/2006,1280.660034,1310.880005,1268.420044,1294.869995,1294.869995,50905040000,17.8185,-14.9%,0.5%,4.8%,,,,,,,1/2/1934,23.9111
1/4/2006,1302.880005,1318.160034,1280.73999,1310.609985,1310.609985,43308430000,17.5944,-12.7%,0.8%,4.7%,,,,,,,1/3/1934,23.8889
1/5/2006,1310.609985,1326.699951,1245.339966,1270.089966,1270.089966,54312830000,17.0505,-10.2%,1.2%,5.1%,,,,,,,1/4/1934,22.2553
1/6/2006,1270.050049,1290.680054,1219.290039,1270.199951,1270.199951,54873260000,17.052,-10.2%,0.8%,5.2%,,,,,,,1/5/1934,20.4468
1/7/2006,1270.060059,1280.420044,1224.540039,1276.660034,1276.660034,46348220000,16.2487,-8.2%,0.2%,5.5%,,,,,,,1/6/1934,20.8723
1/8/2006,1278.530029,1306.73999,1261.300049,1303.819946,1303.819946,50485620000,16.5944,-7.8%,-1.3%,5.2%,,,,,,,1/7/1934,18.0833
1/9/2006,1303.800049,1340.280029,1290.930054,1335.849976,1335.849976,49001440000,17.002,-7.5%,-3.3%,5.0%,,,,,,,1/8/1934,19.0625
1/10/2006,1335.819946,1389.449951,1327.099976,1377.939941,1377.939941,56793620000,16.9052,-9.1%,-1.9%,4.4%,,,,,,,1/9/1934,18.9583
1/11/2006,1377.76001,1407.890015,1360.97998,1400.630005,1400.630005,55343930000,17.1835,-7.9%,-2.3%,4.6%,,,,,,,1/10/1934,17.9796
1/12/2006,1400.630005,1431.810059,1385.930054,1418.300049,1418.300049,47578780000,17.4003,-7.7%,-2.4%,4.7%,,,,,,,1/11/1934,19.4694
1/1/2007,1418.030029,1441.609985,1403.969971,1438.23999,1438.23999,56686200000,17.2969,-9.3%,-1.8%,4.7%,,,,,,,1/12/1934,19.3878
1/2/2007,1437.900024,1461.569946,1389.420044,1406.819946,1406.819946,51844990000,16.9191,-7.7%,-0.6%,5.3%,,,,,,,1/1/1935,12.4658
1/3/2007,1406.800049,1438.890015,1363.97998,1420.859985,1420.859985,67622250000,17.0879,-6.3%,-0.2%,5.2%,,,,,,,1/2/1935,11.9726
1/4/2007,1420.829956,1498.02002,1416.369995,1482.369995,1482.369995,57032470000,17.4561,-7.1%,-1.2%,4.9%,,,,,,,1/3/1935,11.6027
1/5/2007,1482.369995,1535.560059,1476.699951,1530.619995,1530.619995,64958050000,18.0243,-10.7%,-3.1%,4.7%,,,,,,,1/4/1935,11.4568
1/6/2007,1530.619995,1540.560059,1484.180054,1503.349976,1503.349976,65322800000,17.7031,-11.8%,-2.0%,4.9%,,,,,,,1/5/1935,11.8272
1/7/2007,1504.660034,1555.900024,1454.25,1455.27002,1455.27002,70337430000,18.5149,-8.9%,-1.1%,5.4%,,,,,,,1/6/1935,12.6296
1/8/2007,1455.180054,1503.890015,1370.599976,1473.98999,1473.98999,91381760000,18.7531,-10.7%,-0.9%,5.3%,,,,,,,1/7/1935,14.5789
1/9/2007,1473.959961,1538.73999,1439.290039,1526.75,1526.75,57809700000,19.4243,-9.2%,-1.2%,5.1%,,,,,,,1/8/1935,14.8947
1/10/2007,1527.290039,1576.089966,1489.560059,1549.380005,1549.380005,76022580000,23.4116,-8.6%,-1.8%,5.2%,,,,,,,1/9/1935,15.25
1/11/2007,1545.790039,1545.790039,1406.099976,1481.140015,1481.140015,86246950000,22.3805,-7.3%,-0.9%,6.0%,,,,,,,1/10/1935,16.3947
1/12/2007,1479.630005,1523.569946,1435.650024,1468.359985,1468.359985,64821670000,22.1874,-5.0%,-0.6%,6.2%,,,,,,,1/11/1935,17.0395
1/1/2008,1467.969971,1471.77002,1270.050049,1378.550049,1378.550049,98475340000,22.8275,-2.3%,1.7%,7.4%,,,,,,,1/12/1935,17.6711
1/2/2008,1378.599976,1396.02002,1316.75,1330.630005,1330.630005,78536130000,22.0339,-0.1%,2.6%,7.4%,,,,,,,1/1/1936,18.1139
1/3/2008,1330.449951,1359.680054,1256.97998,1322.699951,1322.699951,93189170000,21.9026,0.1%,3.5%,7.2%,,,,,,,1/2/1936,18.4177
1/4/2008,1326.410034,1404.569946,1324.349976,1385.589966,1385.589966,85978630000,26.9727,-0.5%,2.9%,6.7%,,,,,,,1/3/1936,18.8861
1/5/2008,1385.969971,1440.23999,1373.069946,1400.380005,1400.380005,80990480000,27.2607,-1.3%,3.1%,6.8%,,,,,,,1/4/1936,15.6477
1/6/2008,1399.619995,1404.050049,1272,1280,1280,96614040000,24.9173,1.0%,4.6%,7.8%,,,,,,,1/5/1936,16.3636
1/7/2008,1276.689941,1292.170044,1200.439941,1267.380005,1267.380005,1.24981E+11,27.5817,0.7%,5.9%,8.3%,,,,,,,1/6/1936,16.8636
1/8/2008,1269.420044,1313.150024,1247.449951,1282.829956,1282.829956,86266010000,27.918,-1.7%,4.9%,8.5%,,,,,,,1/7/1936,16.8617
1/9/2008,1287.829956,1303.040039,1106.420044,1166.359985,1166.359985,1.40007E+11,25.3832,-1.0%,7.6%,9.6%,,,,,,,1/8/1936,17.0106
1/10/2008,1164.170044,1167.030029,839.7999878,968.75,968.75,1.59823E+11,65.1042,9.0%,12.6%,10.8%,,,,,,,1/9/1936,17.0319
1/11/2008,968.6699829,1007.51001,741.0200195,896.2399902,896.2399902,1.1566E+11,60.2312,11.6%,15.0%,11.9%,,,,,,,1/10/1936,16.8725
1/12/2008,888.6099854,918.8499756,815.6900024,903.25,903.25,1.12884E+11,60.7023,11.7%,15.4%,10.7%,,,,,,,1/11/1936,16.9412
1/1/2009,902.9899902,943.8499756,804.2999878,825.8800049,825.8800049,1.12091E+11,120.3907,16.7%,16.6%,12.6%,,,,,,,1/12/1936,16.8431
1/2/2009,823.0900269,875.0100098,734.5200195,735.0900269,735.0900269,1.24492E+11,107.156,22.9%,20.4%,14.2%,,,,,,,1/1/1937,16.0631
1/3/2009,729.5700073,832.9799805,666.789978,797.8699951,797.8699951,1.61844E+11,116.3076,20.9%,18.6%,13.5%,,,,,,,1/2/1937,16.2973
1/4/2009,793.5900269,888.7000122,783.3200073,872.8099976,872.8099976,1.38855E+11,116.2197,17.0%,16.6%,12.9%,,,,,,,1/3/1937,16.1441
1/5/2009,872.7399902,930.1699829,866.0999756,919.1400146,919.1400146,1.31615E+11,122.3888,12.5%,15.9%,11.6%,,,,,,,1/4/1937,14.0427
1/6/2009,923.2600098,956.2299805,888.8599854,919.3200073,919.3200073,1.12653E+11,122.4128,14.0%,16.4%,12.3%,,,,,,,1/5/1937,13.8974
1/7/2009,920.8200073,996.6799927,869.3200073,987.4799805,987.4799805,1.06636E+11,78.7464,11.8%,14.3%,11.7%,,,,,,,1/6/1937,13.1624
1/8/2009,990.2199707,1039.469971,978.5100098,1020.619995,1020.619995,1.16059E+11,81.3892,11.3%,14.4%,11.1%,,,,,,,1/7/1937,13.918
1/9/2009,1019.52002,1080.150024,991.9699707,1057.079956,1057.079956,1.12295E+11,84.2967,10.9%,13.3%,10.9%,,,,,,,1/8/1937,13.1475
1/10/2009,1054.910034,1101.359985,1019.950012,1036.189941,1036.189941,1.13411E+11,20.3294,10.9%,14.3%,11.4%,,,,,,,1/9/1937,11.2787
1/11/2009,1036.180054,1113.689941,1029.380005,1095.630005,1095.630005,84981530000,21.4956,8.9%,13.5%,11.1%,,,,,,,1/10/1937,10.9381
1/12/2009,1098.890015,1130.380005,1085.890015,1115.099976,1115.099976,89515330000,21.8776,8.5%,13.0%,11.2%,,,,,,,1/11/1937,9.8319
1/1/2010,1116.560059,1150.449951,1071.589966,1073.869995,1073.869995,90947580000,17.6247,11.7%,13.2%,11.6%,,,,,,,1/12/1937,9.3363
1/2/2010,1073.890015,1112.420044,1044.5,1104.48999,1104.48999,84561340000,18.1272,11.1%,13.8%,10.3%,,,,,,,1/1/1938,11.0206
1/3/2010,1105.359985,1180.689941,1105.359985,1169.430054,1169.430054,1.03684E+11,19.193,10.3%,12.1%,8.3%,,,,,,,1/2/1938,11.6907
1/4/2010,1171.22998,1219.800049,1170.689941,1186.689941,1186.689941,1.16742E+11,17.6854,10.4%,11.9%,9.4%,,,,,,,1/3/1938,8.7629
1/5/2010,1188.579956,1205.130005,1040.780029,1089.410034,1089.410034,1.27663E+11,16.2356,14.4%,14.1%,10.8%,,,,,,,1/4/1938,12.5974
1/6/2010,1087.300049,1131.22998,1028.329956,1030.709961,1030.709961,1.10107E+11,15.3608,15.9%,14.9%,11.6%,,,,,,,1/5/1938,12.039
1/7/2010,1031.099976,1120.949951,1010.909973,1101.599976,1101.599976,94778110000,15.3298,15.2%,13.8%,11.5%,,,,,,,1/6/1938,15.013
1/8/2010,1107.530029,1129.23999,1039.699951,1049.329956,1049.329956,85738250000,14.6024,15.9%,13.5%,12.8%,,,,,,,1/7/1938,20
1/9/2010,1049.719971,1157.160034,1049.719971,1141.199951,1141.199951,79589450000,15.8809,13.8%,11.0%,11.4%,,,,,,,1/8/1938,19.4516
1/10/2010,1143.48999,1196.140015,1131.869995,1183.26001,1183.26001,89536270000,15.2975,14.1%,11.9%,10.7%,,,,,,,1/9/1938,19.7419
1/11/2010,1185.709961,1227.079956,1173,1180.550049,1180.550049,87151070000,15.2624,15.2%,12.0%,11.9%,,,,,,,1/10/1938,20.5781
1/12/2010,1186.599976,1262.599976,1186.599976,1257.640015,1257.640015,80984530000,16.2591,13.7%,10.2%,11.6%,,,,,,,1/11/1938,19.8906
1/1/2011,1257.619995,1302.670044,1257.619995,1286.119995,1286.119995,92164940000,15.8175,11.5%,8.6%,11.2%,,,,,,,1/12/1938,20.6406
1/2/2011,1289.140015,1344.069946,1289.140015,1327.219971,1327.219971,59223660000,16.323,11.9%,7.8%,11.1%,,,,,,,1/1/1939,17.3239
1/3/2011,1328.640015,1332.280029,1249.050049,1325.829956,1325.829956,89507640000,16.3059,12.2%,9.2%,11.6%,,,,,,,1/2/1939,17.8873
1/4/2011,1329.47998,1364.560059,1294.699951,1363.609985,1363.609985,77364810000,16.2586,11.4%,8.7%,11.9%,,,,,,,1/3/1939,15.4648
1/5/2011,1365.209961,1370.579956,1311.800049,1345.199951,1345.199951,81708980000,16.0391,12.7%,9.3%,12.1%,,,,,,,1/4/1939,14.3684
1/6/2011,1345.199951,1345.199951,1258.069946,1320.640015,1320.640015,86122730000,15.7463,14.1%,9.7%,12.5%,,,,,,,1/5/1939,15.2632
1/7/2011,1320.640015,1356.47998,1282.859985,1292.280029,1292.280029,81102170000,14.8572,14.3%,11.0%,13.0%,,,,,,,1/6/1939,14.2895
1/8/2011,1292.589966,1307.380005,1101.540039,1218.890015,1218.890015,1.08419E+11,14.0135,18.0%,12.2%,14.0%,,,,,,,1/7/1939,14.8642
1/9/2011,1219.119995,1229.290039,1114.219971,1131.420044,1131.420044,1.02787E+11,13.0078,20.4%,13.9%,14.3%,,,,,,,1/8/1939,13.8025
1/10/2011,1131.209961,1292.660034,1074.77002,1253.300049,1253.300049,98063670000,14.414,17.2%,11.1%,13.9%,,,,,,,1/9/1939,16.0741
1/11/2011,1251,1277.550049,1158.660034,1246.959961,1246.959961,84275050000,14.3411,18.4%,12.0%,13.9%,,,,,,,1/10/1939,14.2556
1/12/2011,1246.910034,1269.369995,1202.369995,1257.599976,1257.599976,74742430000,14.4635,17.9%,12.2%,14.3%,,,,,,,1/11/1939,13.5556
1/1/2012,1258.859985,1333.469971,1258.859985,1312.410034,1312.410034,79567560000,14.8228,15.0%,11.7%,13.2%,,,,,,,1/12/1939,13.8778
1/2/2012,1312.449951,1378.040039,1312.449951,1365.680054,1365.680054,78385710000,15.4244,15.5%,11.6%,12.3%,,,,,,,1/1/1940,12.1717
1/3/2012,1365.900024,1419.150024,1340.030029,1408.469971,1408.469971,83899660000,15.9077,13.7%,10.9%,12.4%,,,,,,,1/2/1940,12.2525
1/4/2012,1408.469971,1422.380005,1357.380005,1397.910034,1397.910034,74761710000,15.8998,14.3%,11.3%,11.4%,,,,,,,1/3/1940,12.3737
1/5/2012,1397.859985,1415.319946,1291.97998,1310.329956,1310.329956,86920490000,14.9037,17.2%,13.0%,12.2%,,,,,,,1/4/1940,11.7212
1/6/2012,1309.869995,1363.459961,1266.73999,1362.160034,1362.160034,81582440000,15.4932,14.8%,12.2%,10.8%,,,,,,,1/5/1940,8.9135
1/7/2012,1362.329956,1391.73999,1325.410034,1379.319946,1379.319946,73103810000,15.9459,15.1%,12.4%,11.6%,,,,,,,1/6/1940,9.5962
1/8/2012,1379.319946,1426.680054,1354.650024,1406.579956,1406.579956,70283810000,16.261,11.9%,11.9%,10.9%,,,,,,,1/7/1940,9.5278
1/9/2012,1406.540039,1474.51001,1396.560059,1440.670044,1440.670044,69784280000,16.6551,10.0%,11.8%,9.5%,,,,,,,1/8/1940,9.7778
1/10/2012,1440.900024,1470.959961,1403.280029,1412.160034,1412.160034,71752320000,16.3237,13.8%,12.8%,10.6%,,,,,,,1/9/1940,9.8704
1/11/2012,1412.199951,1434.27002,1343.349976,1416.180054,1416.180054,71489310000,16.3701,13.7%,13.3%,11.2%,,,,,,,1/10/1940,10.5524
1/12/2012,1416.339966,1448,1398.109985,1426.189941,1426.189941,66388180000,16.4858,12.7%,13.4%,10.4%,,,,,,,1/11/1940,10.1048
1/1/2013,1426.189941,1509.939941,1426.189941,1498.109985,1498.109985,75848510000,17.0822,9.0%,13.5%,10.5%,,,,,,,1/12/1940,10.0762
1/2/2013,1498.109985,1530.939941,1485.01001,1514.680054,1514.680054,69273480000,17.2712,8.5%,12.4%,10.1%,,,,,,,1/1/1941,9.5
1/3/2013,1514.680054,1570.280029,1501.47998,1569.189941,1569.189941,68527110000,17.8927,9.5%,11.0%,10.1%,,,,,,,1/2/1941,9.3585
1/4/2013,1569.180054,1597.569946,1536.030029,1597.569946,1597.569946,77098000000,17.5654,8.9%,10.6%,10.1%,,,,,,,1/3/1941,9.3962
1/5/2013,1597.550049,1687.180054,1581.280029,1630.73999,1630.73999,76447250000,17.9301,8.7%,10.7%,9.9%,,,,,,,1/4/1941,8.5413
1/6/2013,1631.709961,1654.189941,1560.329956,1606.280029,1606.280029,74946790000,17.6611,9.3%,11.1%,10.7%,,,,,,,1/5/1941,8.578
1/7/2013,1609.780029,1698.780029,1604.569946,1685.72998,1685.72998,68106820000,17.863,8.8%,10.8%,10.5%,,,,,,,1/6/1941,9.0367
1/8/2013,1689.420044,1709.670044,1627.469971,1632.969971,1632.969971,64802810000,17.3039,10.0%,12.2%,10.7%,,,,,,,1/7/1941,8.7311
1/9/2013,1635.949951,1729.859985,1633.410034,1681.550049,1681.550049,66174410000,17.8187,8.8%,11.6%,9.8%,,,,,,,1/8/1941,8.6555
1/10/2013,1682.410034,1775.219971,1646.469971,1756.540039,1756.540039,76647400000,17.5303,6.6%,9.1%,9.1%,,,,,,,1/9/1941,8.5714
1/11/2013,1758.699951,1813.550049,1746.199951,1805.810059,1805.810059,63628190000,18.0221,6.8%,8.9%,9.7%,,,,,,,1/10/1941,8.1897
1/12/2013,1806.550049,1849.439941,1767.98999,1848.359985,1848.359985,64958820000,18.4467,6.6%,6.3%,9.9%,,,,,,,1/11/1941,7.8448
1/1/2014,1845.859985,1850.839966,1770.449951,1782.589966,1782.589966,75871910000,17.6757,8.5%,8.7%,10.5%,,,,,,,1/12/1941,7.4914
1/2/2014,1782.680054,1867.920044,1737.920044,1859.449951,1859.449951,69725590000,18.4378,8.3%,8.4%,10.6%,,,,,,,1/1/1942,8.4712
1/3/2014,1857.680054,1883.969971,1834.439941,1872.339966,1872.339966,71885030000,18.5656,8.1%,8.6%,10.9%,,,,,,,1/2/1942,8.2596
1/4/2014,1873.959961,1897.280029,1814.359985,1883.949951,1883.949951,71595810000,18.2695,8.2%,9.4%,10.3%,,,,,,,1/3/1942,7.7019
1/5/2014,1884.390015,1924.030029,1859.790039,1923.569946,1923.569946,63623630000,18.6537,7.8%,7.4%,10.6%,,,,,,,1/4/1942,7.8163
1/6/2014,1923.869995,1968.170044,1915.97998,1960.22998,1960.22998,63283380000,19.0092,7.3%,8.5%,10.8%,,,,,,,1/5/1942,8.3163
1/7/2014,1962.290039,1991.390015,1930.670044,1930.670044,1930.670044,66524690000,18.2207,8.6%,9.1%,11.1%,,,,,,,1/6/1942,8.4694
1/8/2014,1929.800049,2005.040039,1904.780029,2003.369995,2003.369995,58131140000,18.9069,7.3%,7.9%,10.9%,,,,,,,1/7/1942,9.1064
1/9/2014,2004.069946,2019.26001,1964.040039,1972.290039,1972.290039,66706000000,18.6135,8.5%,8.6%,11.3%,,,,,,,1/8/1942,9.1702
1/10/2014,1971.439941,2018.189941,1820.660034,2018.050049,2018.050049,93714040000,19.7249,8.5%,8.5%,11.0%,,,,,,,1/9/1942,9.4149
1/11/2014,2018.209961,2075.76001,2001.01001,2067.560059,2067.560059,63600190000,20.2088,8.6%,8.7%,11.3%,,,,,,,1/10/1942,9.1456
1/12/2014,2065.780029,2093.550049,1972.560059,2058.899902,2058.899902,80743820000,20.1241,9.1%,9.4%,11.1%,,,,,,,1/11/1942,9.0194
1/1/2015,2058.899902,2072.360107,1988.119995,1994.98999,1994.98999,77330040000,20.1007,12.3%,10.1%,11.5%,,,,,,,1/12/1942,9.4854
1/2/2015,1996.670044,2119.590088,1980.900024,2104.5,2104.5,68775560000,21.204,8.8%,7.0%,10.9%,,,,,,,1/1/1943,9.785
1/3/2015,2105.22998,2117.52002,2039.689941,2067.889893,2067.889893,76675850000,20.8352,8.5%,4.6%,,,,,,,,1/2/1943,10.2804
1/4/2015,2067.629883,2125.919922,2048.379883,2085.51001,2085.51001,72060940000,21.9736,8.3%,6.9%,,,,,,,,1/3/1943,10.8224
1/5/2015,2087.379883,2134.719971,2067.929932,2107.389893,2107.389893,65187730000,22.2041,8.7%,7.6%,,,,,,,,1/4/1943,10.5364
1/6/2015,2108.639893,2129.870117,2056.320068,2063.110107,2063.110107,73213980000,21.7375,9.6%,8.5%,,,,,,,,1/5/1943,11.0091
1/7/2015,2067,2132.820068,2044.02002,2103.840088,2103.840088,77920590000,23.2058,10.2%,9.2%,,,,,,,,1/6/1943,11.2273
1/8/2015,2104.48999,2112.659912,1867.01001,1972.180054,1972.180054,84626790000,21.7536,13.7%,12.2%,,,,,,,,1/7/1943,10.8148
1/9/2015,1970.089966,2020.859985,1871.910034,1920.030029,1920.030029,79989370000,21.1784,14.9%,11.9%,,,,,,,,1/8/1943,10.9259
1/10/2015,1919.650024,2094.320068,1893.699951,2079.360107,2079.360107,85844900000,24.0305,9.3%,9.5%,,,,,,,,1/9/1943,11.1852
1/11/2015,2080.76001,2116.47998,2019.390015,2080.409912,2080.409912,75943590000,24.0426,9.9%,11.7%,,,,,,,,1/10/1943,12.6809
1/12/2015,2082.929932,2104.27002,1993.26001,2043.939941,2043.939941,83649260000,23.6212,7.0%,12.9%,,,,,,,,1/11/1943,11.7234
1/1/2016,2038.199951,2038.199951,1812.290039,1940.23999,1940.23999,92409770000,22.4461,11.7%,13.9%,,,,,,,,1/12/1943,12.4149
1/2/2016,1936.939941,1962.959961,1810.099976,1932.22998,1932.22998,93049560000,22.3534,13.0%,14.6%,,,,,,,,1/1/1944,12.7419
1/3/2016,1937.089966,2072.209961,1937.089966,2059.73999,2059.73999,92639420000,23.8286,11.2%,14.0%,,,,,,,,1/2/1944,12.7097
1/4/2016,2056.620117,2111.050049,2033.800049,2065.300049,2065.300049,81124990000,23.7609,12.6%,15.1%,,,,,,,,1/3/1944,12.9247
1/5/2016,2067.169922,2103.47998,2025.910034,2096.949951,2096.949951,78883600000,24.1252,9.5%,14.9%,,,,,,,,1/4/1944,12.9022
1/6/2016,2093.939941,2120.550049,1991.680054,2098.860107,2098.860107,86852700000,24.147,11.9%,15.4%,,,,,,,,1/5/1944,13.4239
1/7/2016,2099.340088,2177.090088,2074.02002,2173.600098,2173.600098,69530250000,24.3978,11.1%,15.1%,,,,,,,,1/6/1944,14.1087
1/8/2016,2173.149902,2193.810059,2147.580078,2170.949951,2170.949951,75610310000,24.3681,10.5%,15.8%,,,,,,,,1/7/1944,14.1222
1/9/2016,2171.330078,2187.870117,2119.120117,2168.27002,2168.27002,77023620000,24.338,11.1%,14.7%,,,,,,,,1/8/1944,14.2444
1/10/2016,2164.330078,2169.600098,2114.719971,2126.149902,2126.149902,72915530000,22.487,12.6%,16.7%,,,,,,,,1/9/1944,14.2
1/11/2016,2128.679932,2214.100098,2083.790039,2198.810059,2198.810059,88445380000,23.2555,12.6%,15.7%,,,,,,,,1/10/1944,13.7419
1/12/2016,2200.169922,2277.530029,2187.439941,2238.830078,2238.830078,75344550000,23.6788,13.0%,16.3%,,,,,,,,1/11/1944,13.7957
1/1/2017,2251.570068,2300.98999,2245.129883,2278.870117,2278.870117,70576420000,22.7228,12.3%,14.7%,,,,,,,,1/12/1944,14.2796
1/2/2017,2285.590088,2371.540039,2271.649902,2363.639893,2363.639893,69260940000,23.5681,7.7%,13.1%,,,,,,,,1/1/1945,14.0313
1/3/2017,2380.129883,2400.97998,2322.25,2362.719971,2362.719971,81664010000,23.5589,3.0%,13.9%,,,,,,,,1/2/1945,14.8958
1/4/2017,2362.340088,2398.159912,2328.949951,2384.199951,2384.199951,65369860000,22.9206,6.9%,11.6%,,,,,,,,1/3/1945,14.2083
1/5/2017,2388.5,2418.709961,2352.719971,2411.800049,2411.800049,79719460000,23.1859,8.1%,11.4%,,,,,,,,1/4/1945,14.84
1/6/2017,2415.649902,2453.820068,2405.699951,2423.409912,2423.409912,81078810000,23.2975,8.6%,9.3%,,,,,,,,1/5/1945,15.01
1/7/2017,2431.389893,2484.040039,2407.699951,2470.300049,2470.300049,63348090000,23.0697,9.8%,10.8%,,,,,,,,1/6/1945,14.96
1/8/2017,2477.100098,2490.870117,2417.350098,2471.649902,2471.649902,70784900000,23.0823,12.3%,9.9%,,,,,,,,1/7/1945,14.8081
1/9/2017,2474.419922,2519.439941,2446.550049,2519.360107,2519.360107,66624120000,23.5278,10.1%,7.3%,,,,,,,,1/8/1945,15.6667
1/10/2017,2521.199951,2582.97998,2520.399902,2575.26001,2575.26001,71088550000,23.437,8.3%,8.5%,,,,,,,,1/9/1945,16.3232
1/11/2017,2583.209961,2657.73999,2557.449951,2647.580078,2647.580078,73416960000,24.0952,11.0%,9.0%,,,,,,,,1/10/1945,17.3438
1/12/2017,2645.100098,2694.969971,2605.52002,2673.610107,2673.610107,65531700000,24.3321,12.0%,7.5%,,,,,,,,1/11/1945,17.9063
1/1/2018,2683.72998,2872.870117,2682.360107,2823.810059,2823.810059,77318690000,24.4613,9.6%,7.6%,,,,,,,,1/12/1945,18.0833
1/2/2018,2816.449951,2835.959961,2532.689941,2713.830078,2713.830078,79933970000,23.5086,12.0%,7.9%,,,,,,,,1/1/1946,20.6333
1/3/2018,2715.219971,2801.899902,2585.889893,2640.870117,2640.870117,76803890000,22.8766,14.6%,9.2%,,,,,,,,1/2/1946,19.2
1/4/2018,2633.449951,2717.48999,2553.800049,2648.050049,2648.050049,70194700000,21.6203,16.4%,9.5%,,,,,,,,1/3/1946,20.0889
1/5/2018,2642.959961,2742.23999,2594.620117,2705.27002,2705.27002,76011820000,22.0874,15.8%,9.1%,,,,,,,,1/4/1946,22.3333
1/6/2018,2718.699951,2791.469971,2691.98999,2718.370117,2718.370117,77891360000,22.1944,16.5%,10.4%,,,,,,,,1/5/1946,22.8333
1/7/2018,2704.949951,2848.030029,2698.949951,2816.290039,2816.290039,64898300000,21.599,16.0%,10.3%,,,,,,,,1/6/1946,21.9405
1/8/2018,2821.169922,2916.5,2796.340088,2901.52002,2901.52002,69523070000,22.2526,15.9%,9.2%,,,,,,,,1/7/1946,20.1798
1/9/2018,2896.959961,2940.909912,2864.120117,2913.97998,2913.97998,63031510000,22.3482,13.9%,8.0%,,,,,,,,1/8/1946,18.7079
1/10/2018,2926.290039,2939.860107,2603.540039,2711.73999,2711.73999,91930980000,20.483,19.3%,9.1%,,,,,,,,1/9/1946,16.809
1/11/2018,2717.580078,2815.149902,2631.090088,2760.169922,2760.169922,80620020000,20.8488,18.3%,10.6%,,,,,,,,1/10/1946,14
1/12/2018,2790.5,2800.179932,2346.580078,2506.850098,2506.850098,84162180000,18.9353,23.9%,13.7%,,,,,,,,1/11/1946,13.8396
1/1/2019,2476.959961,2708.949951,2443.959961,2704.100098,2704.100098,80859870000,20.1213,18.6%,12.4%,,,,,,,,1/12/1946,14.434
1/2/2019,2702.320068,2813.48999,2681.830078,2784.48999,2784.48999,70638770000,20.7195,16.2%,12.8%,,,,,,,,1/1/1947,12.3307
1/3/2019,2798.219971,2860.310059,2722.27002,2834.399902,2834.399902,79159660000,21.0909,16.9%,13.1%,,,,,,,,1/2/1947,12.1496
1/4/2019,2848.629883,2949.52002,2848.629883,2945.830078,2945.830078,70090370000,21.7774,11.9%,11.3%,,,,,,,,1/3/1947,11.9449
1/5/2019,2952.330078,2954.129883,2750.52002,2752.060059,2752.060059,77250740000,20.3449,14.5%,13.9%,,,,,,,,1/4/1947,10.125
1/6/2019,2751.530029,2964.149902,2728.810059,2941.76001,2941.76001,71250630000,21.7473,8.8%,13.2%,,,,,,,,1/5/1947,10.0347
1/7/2019,2971.409912,3027.97998,2952.219971,2980.379883,2980.379883,70599470000,22.4257,11.5%,13.1%,,,,,,,,1/6/1947,10.5625
1/8/2019,2980.320068,3013.590088,2822.120117,2926.459961,2926.459961,80269220000,22.02,10.6%,14.1%,,,,,,,,1/7/1947,10.1677
1/9/2019,2909.01001,3021.98999,2891.850098,2976.73999,2976.73999,74178980000,22.3983,6.4%,14.1%,,,,,,,,1/8/1947,9.8839
1/10/2019,2983.689941,3050.100098,2855.939941,3037.560059,3037.560059,77720640000,21.7699,8.4%,13.4%,,,,,,,,1/9/1947,9.7484
1/11/2019,3050.719971,3154.26001,3050.719971,3140.97998,3140.97998,72410620000,22.5111,9.1%,13.9%,,,,,,,,1/10/1947,9.5839
1/12/2019,3143.850098,3247.929932,3070.330078,3230.780029,3230.780029,72325540000,23.1547,5.9%,12.7%,,,,,,,,1/11/1947,9.3106
1/1/2020,3244.669922,3337.77002,3214.639893,3225.52002,3225.52002,77287980000,27.7273,8.1%,12.9%,,,,,,,,1/12/1947,9.5031
1/2/2020,3235.659912,3393.52002,2855.840088,2954.219971,2954.219971,84436590000,25.3952,10.4%,14.9%,,,,,,,,1/1/1948,8.5906
1/3/2020,2974.280029,3136.719971,2191.860107,2584.590088,2584.590088,1.62185E+11,22.2177,16.7%,,,,,,,,,1/2/1948,8.1871
1/4/2020,2498.080078,2954.860107,2447.48999,2912.429932,2912.429932,1.23608E+11,29.3503,12.7%,,,,,,,,,1/3/1948,8.8187
1/5/2020,2869.090088,3068.669922,2766.639893,3044.310059,3044.310059,1.07135E+11,30.6793,11.1%,,,,,,,,,1/4/1948,8.3226
1/6/2020,3038.780029,3233.129883,2965.659912,3100.290039,3100.290039,1.31459E+11,31.2435,12.8%,,,,,,,,,1/5/1948,8.9731
1/7/2020,3105.919922,3279.98999,3101.169922,3271.120117,3271.120117,96928130000,33.2938,11.9%,,,,,,,,,1/6/1948,9
1/8/2020,3288.26001,3514.77002,3284.530029,3500.310059,3500.310059,82466520000,35.6266,8.8%,,,,,,,,,1/7/1948,7.657
1/9/2020,3507.439941,3588.110107,3209.449951,3363,3363,92310780000,34.229,8.4%,,,,,,,,,1/8/1948,7.715
1/10/2020,3385.870117,3549.850098,3233.939941,3269.959961,3269.959961,89938980000,33.282,8.6%,,,,,,,,,1/9/1948,7.4831
1/11/2020,3296.199951,3645.98999,3279.73999,3621.629883,3621.629883,1.01247E+11,36.8614,8.0%,,,,,,,,,1/10/1948,7.2227
1/12/2020,3645.870117,3760.199951,3633.399902,3756.070068,3756.070068,96375680000,38.2297,8.3%,,,,,,,,,1/11/1948,6.441
1/1/2021,3764.610107,3870.899902,3662.709961,3714.23999,3714.23999,1.06118E+11,28.9722,9.3%,,,,,,,,,1/12/1948,6.6376
1/2/2021,3731.169922,3950.429932,3725.620117,3811.149902,3811.149902,99082320000,29.7282,10.2%,,,,,,,,,1/1/1949,6.395
1/3/2021,3842.51001,3994.409912,3723.340088,3972.889893,3972.889893,1.22371E+11,30.9898,9.8%,,,,,,,,,1/2/1949,6.1429
1/4/2021,3992.780029,4218.779785,3992.780029,4181.169922,4181.169922,83124090000,26.3364,6.4%,,,,,,,,,1/3/1949,6.3277
1/5/2021,4191.97998,4238.040039,4056.879883,4204.109863,4204.109863,88321860000,26.4809,7.9%,,,,,,,,,1/4/1949,6.1417
1/6/2021,4216.52002,4302.430176,4164.399902,4297.5,4297.5,1.02544E+11,27.0692,8.3%,,,,,,,,,1/5/1949,5.9125
1/7/2021,4300.72998,4429.970215,4233.129883,4395.259766,4395.259766,84255620000,25.0628,7.9%,,,,,,,,,1/6/1949,5.9
1/8/2021,4406.859863,4537.359863,4367.72998,4522.680176,4522.680176,80500760000,25.7894,7.7%,,,,,,,,,1/7/1949,6.2929
1/9/2021,4528.799805,4545.850098,4305.910156,4307.540039,4307.540039,85528860000,24.5626,10.2%,,,,,,,,,1/8/1949,6.3682
1/10/2021,4317.160156,4608.080078,4278.939941,4605.379883,4605.379883,80253600000,23.2748,7.4%,,,,,,,,,1/9/1949,6.5188
1/11/2021,4610.620117,4743.830078,4560,4567,4567,88268840000,23.0808,9.7%,,,,,,,,,1/10/1949,6.9138
1/12/2021,4602.819824,4808.930176,4495.120117,4766.180176,4766.180176,92750180000,24.0874,7.3%,,,,,,,,,1/11/1949,6.9224
1/1/2022,4778.140137,4818.620117,4222.620117,4515.549805,4515.549805,95562890000,22.8162,9.4%,,,,,,,,,1/12/1949,7.2241
1/2/2022,4519.569824,4595.310059,4114.649902,4373.939941,4373.939941,92667710000,22.1007,10.6%,,,,,,,,,1/1/1950,7.1941
1/3/2022,4363.140137,4637.299805,4157.870117,4530.410156,4530.410156,1.23546E+11,22.8913,,,,,,,,,,1/2/1950,7.2658
1/4/2022,4540.319824,4593.450195,4124.279785,4131.930176,4131.930176,90367840000,21.4914,,,,,,,,,,1/3/1950,7.2954
1/5/2022,4130.609863,4307.660156,3810.320068,4132.149902,4132.149902,1.0886E+11,21.4925,,,,,,,,,,1/4/1950,7.1142
1/6/2022,4149.779785,4177.509766,3636.870117,3785.379883,3785.379883,1.06117E+11,19.6889,,,,,,,,,,1/5/1950,7.3937
1/7/2022,3781,4140.149902,3721.560059,4130.290039,4130.290039,81688320000,22.0777,,,,,,,,,,1/6/1950,6.9646
1/8/2022,4112.379883,4325.279785,3954.530029,3955,3955,92252350000,21.1407,,,,,,,,,,1/7/1950,6.5588
1/9/2022,3936.72998,4119.279785,3584.129883,3585.620117,3585.620117,94241020000,19.1662,,,,,,,,,,1/8/1950,6.7721
1/10/2022,3609.780029,3905.419922,3491.580078,3871.97998,3871.97998,95823760000,22.4138,,,,,,,,,,1/9/1950,7.1507
1/11/2022,3901.790039,4080.110107,3698.149902,4080.110107,4080.110107,92671910000,23.6186,,,,,,,,,,1/10/1950,6.8768
1/12/2022,4087.139893,4100.959961,3764.48999,3839.5,3839.5,85249330000,22.2258,,,,,,,,,,1/11/1950,6.8697
1/1/2023,3853.290039,4094.209961,3794.330078,4076.600098,4076.600098,80763810000,23.266,,,,,,,,,,1/12/1950,7.1866
1/2/2023,4070.070068,4195.439941,3943.080078,3970.149902,3970.149902,80392280000,22.6585,,,,,,,,,,1/1/1951,7.6537
1/3/2023,3963.340088,4110.75,3808.860107,4109.310059,4109.310059,1.13095E+11,23.4527,,,,,,,,,,1/2/1951,7.7032
1/4/2023,4102.200195,4170.060059,4049.350098,4169.47998,4169.47998,70861260000,23.0345,,,,,,,,,,1/3/1951,7.5618
1/5/2023,4166.790039,4231.100098,4048.280029,4179.830078,4179.830078,88929200000,23.0917,,,,,,,,,,1/4/1951,8.2463
1/6/2023,4183.029785,4458.47998,4171.640137,4450.379883,4450.379883,87983140000,24.5864,,,,,,,,,,1/5/1951,7.9118
1/7/2023,4450.47998,4607.069824,4385.049805,4588.959961,4588.959961,75063200000,24.9062,,,,,,,,,,1/6/1951,7.7059
1/8/2023,4578.830078,4584.620117,4335.310059,4507.660156,4507.660156,86840820000,24.4649,,,,,,,,,,1/7/1951,8.9243
1/9/2023,4530.600098,4541.25,4238.629883,4288.049805,4288.049805,73482980000,23.273,,,,,,,,,,1/8/1951,9.2749
1/10/2023,4284.52002,4393.569824,4103.779785,4193.799805,4193.799805,83519460000,21.7939,,,,,,,,,,1/9/1951,9.2669
1/11/2023,4201.27002,4587.640137,4197.740234,4567.799805,4567.799805,80970570000,23.7375,,,,,,,,,,1/10/1951,9.4016
1/12/2023,4559.430176,4793.299805,4546.5,4769.830078,4769.830078,81530670000,24.7874,,,,,,,,,,1/11/1951,9.377
1/1/2024,4745.200195,4931.089844,4682.109863,4845.649902,4845.649902,81737880000,25.2654,,,,,,,,,,1/12/1951,9.7418
1/2/2024,4861.109863,5111.060059,4853.52002,5096.27002,5096.27002,82066930000,26.5721,,,,,,,,,,1/1/1952,10.0583
1/3/2024,5098.509766,5264.850098,5056.819824,5254.350098,5254.350098,86299510000,27.3964,,,,,,,,,,1/2/1952,9.6917
1/4/2024,5257.970215,5263.950195,4953.560059,5035.689941,5035.689941,81747170000,26.2563,,,,,,,,,,1/3/1952,10.1542
1/5/2024,5029.029785,5341.879883,5011.049805,5277.509766,5277.509766,86849720000,27.5171,,,,,,,,,,1/4/1952,9.9658
1/6/2024,5297.149902,5523.640137,5234.319824,5460.47998,5460.47998,76025620000,27.5171,,,,,,,,,,1/5/1952,10.1966
1/7/2024,5471.080078,5669.669922,5390.950195,5522.299805,5522.299805,80160390000,27.5171,,,,,,,,,,1/6/1952,10.6667
1/8/2024,5537.839844,5651.620117,5119.259766,5648.399902,5648.399902,81097300000,27.5171,,,,,,,,,,1/7/1952,10.7627
1/9/2024,5623.890137,5767.370117,5402.620117,5762.47998,5762.47998,79564830000,27.5171,,,,,,,,,,1/8/1952,10.6059
1/10/2024,5757.72998,5878.459961,5674,5705.450195,5705.450195,82412430000,27.5171,,,,,,,,,,1/9/1952,10.3983
1/11/2024,5723.220215,6044.169922,5696.509766,6032.379883,6032.379883,84101980000,27.5171,,,,,,,,,,1/10/1952,10.2167
1/12/2024,6040.109863,6099.970215,5832.299805,5881.629883,5881.629883,86064900000,27.5171,,,,,,,,,,1/11/1952,10.6917
1/1/2025,5903.259766,6021.040039,5829.529785,5909.029785,5909.029785,16746470000,27.5171,,,,,,,,,,1/12/1952,11.0708
8/1/2025,5910.660156,5927.890137,5874.779785,5918.25,5918.25,2502210000,27.5171,,,,,,,,,,1/1/1953,10.856
,,,,,,,,,,,,,,,,,1/2/1953,10.6584
,,,,,,,,,,,,,,,,,1/3/1953,10.4074
,,,,,,,,,,,,,,,,,1/4/1953,9.8088
,,,,,,,,,,,,,,,,,1/5/1953,9.7769
,,,,,,,,,,,,,,,,,1/6/1953,9.6175
,,,,,,,,,,,,,,,,,1/7/1953,9.7059
,,,,,,,,,,,,,,,,,1/8/1953,9.1451
,,,,,,,,,,,,,,,,,1/9/1953,9.1569
,,,,,,,,,,,,,,,,,1/10/1953,9.7769
,,,,,,,,,,,,,,,,,1/11/1953,9.8645
,,,,,,,,,,,,,,,,,1/12/1953,9.8845
,,,,,,,,,,,,,,,,,1/1/1954,10.2275
,,,,,,,,,,,,,,,,,1/2/1954,10.2549
,,,,,,,,,,,,,,,,,1/3/1954,10.5647
,,,,,,,,,,,,,,,,,1/4/1954,10.7863
,,,,,,,,,,,,,,,,,1/5/1954,11.1412
,,,,,,,,,,,,,,,,,1/6/1954,11.1489
,,,,,,,,,,,,,,,,,1/7/1954,11.7414
,,,,,,,,,,,,,,,,,1/8/1954,11.3422
,,,,,,,,,,,,,,,,,1/9/1954,12.2852
,,,,,,,,,,,,,,,,,1/10/1954,11.4368
,,,,,,,,,,,,,,,,,1/11/1954,12.361
,,,,,,,,,,,,,,,,,1/12/1954,12.9892
,,,,,,,,,,,,,,,,,1/1/1955,12.375
,,,,,,,,,,,,,,,,,1/2/1955,12.4189
,,,,,,,,,,,,,,,,,1/3/1955,12.3581
,,,,,,,,,,,,,,,,,1/4/1955,11.7888
,,,,,,,,,,,,,,,,,1/5/1955,11.7733
,,,,,,,,,,,,,,,,,1/6/1955,12.7422
,,,,,,,,,,,,,,,,,1/7/1955,12.6512
,,,,,,,,,,,,,,,,,1/8/1955,12.5523
,,,,,,,,,,,,,,,,,1/9/1955,12.6948
,,,,,,,,,,,,,,,,,1/10/1955,11.6961
,,,,,,,,,,,,,,,,,1/11/1955,12.5718
,,,,,,,,,,,,,,,,,1/12/1955,12.5635
,,,,,,,,,,,,,,,,,1/1/1956,11.8753
,,,,,,,,,,,,,,,,,1/2/1956,12.2873
,,,,,,,,,,,,,,,,,1/3/1956,13.1382
,,,,,,,,,,,,,,,,,1/4/1956,13.4389
,,,,,,,,,,,,,,,,,1/5/1956,12.5556
,,,,,,,,,,,,,,,,,1/6/1956,13.0472
,,,,,,,,,,,,,,,,,1/7/1956,14.2746
,,,,,,,,,,,,,,,,,1/8/1956,13.7312
,,,,,,,,,,,,,,,,,1/9/1956,13.1069
,,,,,,,,,,,,,,,,,1/10/1956,13.3666
,,,,,,,,,,,,,,,,,1/11/1956,13.2199
,,,,,,,,,,,,,,,,,1/12/1956,13.6862
,,,,,,,,,,,,,,,,,1/1/1957,13.1529
,,,,,,,,,,,,,,,,,1/2/1957,12.7235
,,,,,,,,,,,,,,,,,1/3/1957,12.9735
,,,,,,,,,,,,,,,,,1/4/1957,13.3743
,,,,,,,,,,,,,,,,,1/5/1957,13.8684
,,,,,,,,,,,,,,,,,1/6/1957,13.8509
,,,,,,,,,,,,,,,,,1/7/1957,13.8069
,,,,,,,,,,,,,,,,,1/8/1957,13.0317
,,,,,,,,,,,,,,,,,1/9/1957,12.2248
,,,,,,,,,,,,,,,,,1/10/1957,12.184
,,,,,,,,,,,,,,,,,1/11/1957,12.3798
,,,,,,,,,,,,,,,,,1/12/1957,11.8665
,,,,,,,,,,,,,,,,,1/1/1958,13.2803
,,,,,,,,,,,,,,,,,1/2/1958,13.0064
,,,,,,,,,,,,,,,,,1/3/1958,13.4076
,,,,,,,,,,,,,,,,,1/4/1958,14.8259
,,,,,,,,,,,,,,,,,1/5/1958,15.0478
,,,,,,,,,,,,,,,,,1/6/1958,15.4403
,,,,,,,,,,,,,,,,,1/7/1958,16.3854
,,,,,,,,,,,,,,,,,1/8/1958,16.5799
,,,,,,,,,,,,,,,,,1/9/1958,17.3819
,,,,,,,,,,,,,,,,,1/10/1958,17.7612
,,,,,,,,,,,,,,,,,1/11/1958,18.1592
,,,,,,,,,,,,,,,,,1/12/1958,19.1038
,,,,,,,,,,,,,,,,,1/1/1959,17.8296
,,,,,,,,,,,,,,,,,1/2/1959,17.8167
,,,,,,,,,,,,,,,,,1/3/1959,17.8264
,,,,,,,,,,,,,,,,,1/4/1959,16.9382
,,,,,,,,,,,,,,,,,1/5/1959,17.2588
,,,,,,,,,,,,,,,,,1/6/1959,17.1971
,,,,,,,,,,,,,,,,,1/7/1959,17.6414
,,,,,,,,,,,,,,,,,1/8/1959,17.3761
,,,,,,,,,,,,,,,,,1/9/1959,16.5831
,,,,,,,,,,,,,,,,,1/10/1959,16.9676
,,,,,,,,,,,,,,,,,1/11/1959,17.1917
,,,,,,,,,,,,,,,,,1/12/1959,17.6667
,,,,,,,,,,,,,,,,,1/1/1960,16.4041
,,,,,,,,,,,,,,,,,1/2/1960,16.5546
,,,,,,,,,,,,,,,,,1/3/1960,16.3245
,,,,,,,,,,,,,,,,,1/4/1960,16.6779
,,,,,,,,,,,,,,,,,1/5/1960,17.1258
,,,,,,,,,,,,,,,,,1/6/1960,17.4601
,,,,,,,,,,,,,,,,,1/7/1960,16.9755
,,,,,,,,,,,,,,,,,1/8/1960,17.419
,,,,,,,,,,,,,,,,,1/9/1960,16.367
,,,,,,,,,,,,,,,,,1/10/1960,16.3272
,,,,,,,,,,,,,,,,,1/11/1960,16.9847
,,,,,,,,,,,,,,,,,1/12/1960,17.7706
,,,,,,,,,,,,,,,,,1/1/1961,19.9935
,,,,,,,,,,,,,,,,,1/2/1961,20.5307
,,,,,,,,,,,,,,,,,1/3/1961,21.055
,,,,,,,,,,,,,,,,,1/4/1961,21.5545
,,,,,,,,,,,,,,,,,1/5/1961,21.967
,,,,,,,,,,,,,,,,,1/6/1961,21.3333
,,,,,,,,,,,,,,,,,1/7/1961,21.8885
,,,,,,,,,,,,,,,,,1/8/1961,22.318
,,,,,,,,,,,,,,,,,1/9/1961,21.8787
,,,,,,,,,,,,,,,,,1/10/1961,21.511
,,,,,,,,,,,,,,,,,1/11/1961,22.3574
,,,,,,,,,,,,,,,,,1/12/1961,22.4295
,,,,,,,,,,,,,,,,,1/1/1962,20.4273
,,,,,,,,,,,,,,,,,1/2/1962,20.7596
,,,,,,,,,,,,,,,,,1/3/1962,20.638
,,,,,,,,,,,,,,,,,1/4/1962,18.8012
,,,,,,,,,,,,,,,,,1/5/1962,17.1844
,,,,,,,,,,,,,,,,,1/6/1962,15.7781
,,,,,,,,,,,,,,,,,1/7/1962,16.4958
,,,,,,,,,,,,,,,,,1/8/1962,16.7479
,,,,,,,,,,,,,,,,,1/9/1962,15.9405
,,,,,,,,,,,,,,,,,1/10/1962,15.4005
,,,,,,,,,,,,,,,,,1/11/1962,16.9646
,,,,,,,,,,,,,,,,,1/12/1962,17.1935
,,,,,,,,,,,,,,,,,1/1/1963,17.8437
,,,,,,,,,,,,,,,,,1/2/1963,17.3288
,,,,,,,,,,,,,,,,,1/3/1963,17.9434
,,,,,,,,,,,,,,,,,1/4/1963,18.1771
,,,,,,,,,,,,,,,,,1/5/1963,18.4375
,,,,,,,,,,,,,,,,,1/6/1963,18.0651
,,,,,,,,,,,,,,,,,1/7/1963,17.4571
,,,,,,,,,,,,,,,,,1/8/1963,18.3081
,,,,,,,,,,,,,,,,,1/9/1963,18.1061
,,,,,,,,,,,,,,,,,1/10/1963,18.4104
,,,,,,,,,,,,,,,,,1/11/1963,18.2164
,,,,,,,,,,,,,,,,,1/12/1963,18.6617
,,,,,,,,,,,,,,,,,1/1/1964,18.4306
,,,,,,,,,,,,,,,,,1/2/1964,18.6124
,,,,,,,,,,,,,,,,,1/3/1964,18.8947
,,,,,,,,,,,,,,,,,1/4/1964,18.351
,,,,,,,,,,,,,,,,,1/5/1964,18.5612
,,,,,,,,,,,,,,,,,1/6/1964,18.8661
,,,,,,,,,,,,,,,,,1/7/1964,18.6085
,,,,,,,,,,,,,,,,,1/8/1964,18.3065
,,,,,,,,,,,,,,,,,1/9/1964,18.8322
,,,,,,,,,,,,,,,,,1/10/1964,18.6505
,,,,,,,,,,,,,,,,,1/11/1964,18.5538
,,,,,,,,,,,,,,,,,1/12/1964,18.6264
,,,,,,,,,,,,,,,,,1/1/1965,18.7094
,,,,,,,,,,,,,,,,,1/2/1965,18.6816
,,,,,,,,,,,,,,,,,1/3/1965,18.4103
,,,,,,,,,,,,,,,,,1/4/1965,18.4112
,,,,,,,,,,,,,,,,,1/5/1965,18.2686
,,,,,,,,,,,,,,,,,1/6/1965,17.3802
,,,,,,,,,,,,,,,,,1/7/1965,17.1185
,,,,,,,,,,,,,,,,,1/8/1965,17.504
,,,,,,,,,,,,,,,,,1/9/1965,18.0643
,,,,,,,,,,,,,,,,,1/10/1965,17.8073
,,,,,,,,,,,,,,,,,1/11/1965,17.6513
,,,,,,,,,,,,,,,,,1/12/1965,17.8092
,,,,,,,,,,,,,,,,,1/1/1966,17.3933
,,,,,,,,,,,,,,,,,1/2/1966,17.0824
,,,,,,,,,,,,,,,,,1/3/1966,16.7097
,,,,,,,,,,,,,,,,,1/4/1966,16.6777
,,,,,,,,,,,,,,,,,1/5/1966,15.7747
,,,,,,,,,,,,,,,,,1/6/1966,15.5201
,,,,,,,,,,,,,,,,,1/7/1966,15.1724
,,,,,,,,,,,,,,,,,1/8/1966,13.9927
,,,,,,,,,,,,,,,,,1/9/1966,13.8947
,,,,,,,,,,,,,,,,,1/10/1966,14.4505
,,,,,,,,,,,,,,,,,1/11/1966,14.4955
,,,,,,,,,,,,,,,,,1/12/1966,14.4739
,,,,,,,,,,,,,,,,,1/1/1967,15.8917
,,,,,,,,,,,,,,,,,1/2/1967,15.9229
,,,,,,,,,,,,,,,,,1/3/1967,16.5505
,,,,,,,,,,,,,,,,,1/4/1967,17.6379
,,,,,,,,,,,,,,,,,1/5/1967,16.7129
,,,,,,,,,,,,,,,,,1/6/1967,17.0056
,,,,,,,,,,,,,,,,,1/7/1967,17.8774
,,,,,,,,,,,,,,,,,1/8/1967,17.6679
,,,,,,,,,,,,,,,,,1/9/1967,18.2472
,,,,,,,,,,,,,,,,,1/10/1967,17.5047
,,,,,,,,,,,,,,,,,1/11/1967,17.636
,,,,,,,,,,,,,,,,,1/12/1967,18.0994
,,,,,,,,,,,,,,,,,1/1/1968,16.9559
,,,,,,,,,,,,,,,,,1/2/1968,16.4265
,,,,,,,,,,,,,,,,,1/3/1968,16.5809
,,,,,,,,,,,,,,,,,1/4/1968,17.4973
,,,,,,,,,,,,,,,,,1/5/1968,17.7163
,,,,,,,,,,,,,,,,,1/6/1968,17.8779
,,,,,,,,,,,,,,,,,1/7/1968,17.2686
,,,,,,,,,,,,,,,,,1/8/1968,17.4664
,,,,,,,,,,,,,,,,,1/9/1968,18.1396
,,,,,,,,,,,,,,,,,1/10/1968,17.9531
,,,,,,,,,,,,,,,,,1/11/1968,18.8142
,,,,,,,,,,,,,,,,,1/12/1968,18.0313
,,,,,,,,,,,,,,,,,1/1/1969,17.6993
,,,,,,,,,,,,,,,,,1/2/1969,16.8608
,,,,,,,,,,,,,,,,,1/3/1969,17.4416
,,,,,,,,,,,,,,,,,1/4/1969,17.7551
,,,,,,,,,,,,,,,,,1/5/1969,17.7158
,,,,,,,,,,,,,,,,,1/6/1969,16.7312
,,,,,,,,,,,,,,,,,1/7/1969,15.5908
,,,,,,,,,,,,,,,,,1/8/1969,16.2156
,,,,,,,,,,,,,,,,,1/9/1969,15.8098
,,,,,,,,,,,,,,,,,1/10/1969,16.8028
,,,,,,,,,,,,,,,,,1/11/1969,16.2301
,,,,,,,,,,,,,,,,,1/12/1969,15.9273
,,,,,,,,,,,,,,,,,1/1/1970,15.1012
,,,,,,,,,,,,,,,,,1/2/1970,15.897
,,,,,,,,,,,,,,,,,1/3/1970,15.9201
,,,,,,,,,,,,,,,,,1/4/1970,14.7681
,,,,,,,,,,,,,,,,,1/5/1970,13.8678
,,,,,,,,,,,,,,,,,1/6/1970,13.1739
,,,,,,,,,,,,,,,,,1/7/1970,14.5616
,,,,,,,,,,,,,,,,,1/8/1970,15.209
,,,,,,,,,,,,,,,,,1/9/1970,15.7276
,,,,,,,,,,,,,,,,,1/10/1970,16.2281
,,,,,,,,,,,,,,,,,1/11/1970,16.9981
,,,,,,,,,,,,,,,,,1/12/1970,17.963
,,,,,,,,,,,,,,,,,1/1/1971,18.3678
,,,,,,,,,,,,,,,,,1/2/1971,18.5345
,,,,,,,,,,,,,,,,,1/3/1971,19.2165
,,,,,,,,,,,,,,,,,1/4/1971,19.5395
,,,,,,,,,,,,,,,,,1/5/1971,18.7274
,,,,,,,,,,,,,,,,,1/6/1971,18.5526
,,,,,,,,,,,,,,,,,1/7/1971,17.6022
,,,,,,,,,,,,,,,,,1/8/1971,18.2376
,,,,,,,,,,,,,,,,,1/9/1971,18.1105
,,,,,,,,,,,,,,,,,1/10/1971,16.5316
,,,,,,,,,,,,,,,,,1/11/1971,16.4895
,,,,,,,,,,,,,,,,,1/12/1971,17.9105
,,,,,,,,,,,,,,,,,1/1/1972,17.8898
,,,,,,,,,,,,,,,,,1/2/1972,18.3425
,,,,,,,,,,,,,,,,,1/3/1972,18.4509
,,,,,,,,,,,,,,,,,1/4/1972,18.0352
,,,,,,,,,,,,,,,,,1/5/1972,18.3467
,,,,,,,,,,,,,,,,,1/6/1972,17.9464
,,,,,,,,,,,,,,,,,1/7/1972,17.4902
,,,,,,,,,,,,,,,,,1/8/1972,18.0928
,,,,,,,,,,,,,,,,,1/9/1972,18.0049
,,,,,,,,,,,,,,,,,1/10/1972,17.3801
,,,,,,,,,,,,,,,,,1/11/1972,18.1729
,,,,,,,,,,,,,,,,,1/12/1972,18.3879
,,,,,,,,,,,,,,,,,1/1/1973,17.0632
,,,,,,,,,,,,,,,,,1/2/1973,16.4235
,,,,,,,,,,,,,,,,,1/3/1973,16.4
,,,,,,,,,,,,,,,,,1/4/1973,14.7953
,,,,,,,,,,,,,,,,,1/5/1973,14.5159
,,,,,,,,,,,,,,,,,1/6/1973,14.4205
,,,,,,,,,,,,,,,,,1/7/1973,14.0728
,,,,,,,,,,,,,,,,,1/8/1973,13.5566
,,,,,,,,,,,,,,,,,1/9/1973,14.1001
,,,,,,,,,,,,,,,,,1/10/1973,13.2708
,,,,,,,,,,,,,,,,,1/11/1973,11.7598
,,,,,,,,,,,,,,,,,1/12/1973,11.9547
,,,,,,,,,,,,,,,,,1/1/1974,11.5514
,,,,,,,,,,,,,,,,,1/2/1974,11.5096
,,,,,,,,,,,,,,,,,1/3/1974,11.2416
,,,,,,,,,,,,,,,,,1/4/1974,10.333
,,,,,,,,,,,,,,,,,1/5/1974,9.9863
,,,,,,,,,,,,,,,,,1/6/1974,9.8398
,,,,,,,,,,,,,,,,,1/7/1974,8.7058
,,,,,,,,,,,,,,,,,1/8/1974,7.9199
,,,,,,,,,,,,,,,,,1/9/1974,6.9748
,,,,,,,,,,,,,,,,,1/10/1974,8.3127
,,,,,,,,,,,,,,,,,1/11/1974,7.8706
,,,,,,,,,,,,,,,,,1/12/1974,7.712
,,,,,,,,,,,,,,,,,1/1/1975,9.1101
,,,,,,,,,,,,,,,,,1/2/1975,9.6556
,,,,,,,,,,,,,,,,,1/3/1975,9.8651
,,,,,,,,,,,,,,,,,1/4/1975,10.9673
,,,,,,,,,,,,,,,,,1/5/1975,11.451
,,,,,,,,,,,,,,,,,1/6/1975,11.9585
,,,,,,,,,,,,,,,,,1/7/1975,11.4369
,,,,,,,,,,,,,,,,,1/8/1975,11.1959
,,,,,,,,,,,,,,,,,1/9/1975,10.808
,,,,,,,,,,,,,,,,,1/10/1975,11.1859
,,,,,,,,,,,,,,,,,1/11/1975,11.4623
,,,,,,,,,,,,,,,,,1/12/1975,11.3304
,,,,,,,,,,,,,,,,,1/1/1976,11.6467
,,,,,,,,,,,,,,,,,1/2/1976,11.5139
,,,,,,,,,,,,,,,,,1/3/1976,11.8672
,,,,,,,,,,,,,,,,,1/4/1976,10.9881
,,,,,,,,,,,,,,,,,1/5/1976,10.8303
,,,,,,,,,,,,,,,,,1/6/1976,11.2735
,,,,,,,,,,,,,,,,,1/7/1976,10.8314
,,,,,,,,,,,,,,,,,1/8/1976,10.7759
,,,,,,,,,,,,,,,,,1/9/1976,11.0199
,,,,,,,,,,,,,,,,,1/10/1976,10.3835
,,,,,,,,,,,,,,,,,1/11/1976,10.3027
,,,,,,,,,,,,,,,,,1/12/1976,10.8436
,,,,,,,,,,,,,,,,,1/1/1977,10.122
,,,,,,,,,,,,,,,,,1/2/1977,9.9028
,,,,,,,,,,,,,,,,,1/3/1977,9.7639
,,,,,,,,,,,,,,,,,1/4/1977,9.4472
,,,,,,,,,,,,,,,,,1/5/1977,9.2246
,,,,,,,,,,,,,,,,,1/6/1977,9.643
,,,,,,,,,,,,,,,,,1/7/1977,9.2297
,,,,,,,,,,,,,,,,,1/8/1977,9.0355
,,,,,,,,,,,,,,,,,1/9/1977,9.0131
,,,,,,,,,,,,,,,,,1/10/1977,8.4793
,,,,,,,,,,,,,,,,,1/11/1977,8.708
,,,,,,,,,,,,,,,,,1/12/1977,8.7328
,,,,,,,,,,,,,,,,,1/1/1978,8.1731
,,,,,,,,,,,,,,,,,1/2/1978,7.9707
,,,,,,,,,,,,,,,,,1/3/1978,8.1694
,,,,,,,,,,,,,,,,,1/4/1978,8.6224
,,,,,,,,,,,,,,,,,1/5/1978,8.6589
,,,,,,,,,,,,,,,,,1/6/1978,8.5067
,,,,,,,,,,,,,,,,,1/7/1978,8.7018
,,,,,,,,,,,,,,,,,1/8/1978,8.9274
,,,,,,,,,,,,,,,,,1/9/1978,8.8626
,,,,,,,,,,,,,,,,,1/10/1978,7.5547
,,,,,,,,,,,,,,,,,1/11/1978,7.6805
,,,,,,,,,,,,,,,,,1/12/1978,7.7948
,,,,,,,,,,,,,,,,,1/1/1979,7.5135
,,,,,,,,,,,,,,,,,1/2/1979,7.2391
,,,,,,,,,,,,,,,,,1/3/1979,7.6383
,,,,,,,,,,,,,,,,,1/4/1979,7.279
,,,,,,,,,,,,,,,,,1/5/1979,7.0873
,,,,,,,,,,,,,,,,,1/6/1979,7.3612
,,,,,,,,,,,,,,,,,1/7/1979,7.0957
,,,,,,,,,,,,,,,,,1/8/1979,7.4723
,,,,,,,,,,,,,,,,,1/9/1979,7.4723
,,,,,,,,,,,,,,,,,1/10/1979,6.852
,,,,,,,,,,,,,,,,,1/11/1979,7.144
,,,,,,,,,,,,,,,,,1/12/1979,7.2638
,,,,,,,,,,,,,,,,,1/1/1980,7.4663
,,,,,,,,,,,,,,,,,1/2/1980,7.4336
,,,,,,,,,,,,,,,,,1/3/1980,6.6769
,,,,,,,,,,,,,,,,,1/4/1980,7.1145
,,,,,,,,,,,,,,,,,1/5/1980,7.4458
,,,,,,,,,,,,,,,,,1/6/1980,7.6466
,,,,,,,,,,,,,,,,,1/7/1980,8.3108
,,,,,,,,,,,,,,,,,1/8/1980,8.3593
,,,,,,,,,,,,,,,,,1/9/1980,8.5697
,,,,,,,,,,,,,,,,,1/10/1980,8.6012
,,,,,,,,,,,,,,,,,1/11/1980,9.4818
,,,,,,,,,,,,,,,,,1/12/1980,9.1606
,,,,,,,,,,,,,,,,,1/1/1981,8.8855
,,,,,,,,,,,,,,,,,1/2/1981,9.0034
,,,,,,,,,,,,,,,,,1/3/1981,9.3278
,,,,,,,,,,,,,,,,,1/4/1981,8.8481
,,,,,,,,,,,,,,,,,1/5/1981,8.8334
,,,,,,,,,,,,,,,,,1/6/1981,8.7415
,,,,,,,,,,,,,,,,,1/7/1981,8.5737
,,,,,,,,,,,,,,,,,1/8/1981,8.0413
,,,,,,,,,,,,,,,,,1/9/1981,7.6084
,,,,,,,,,,,,,,,,,1/10/1981,7.9355
,,,,,,,,,,,,,,,,,1/11/1981,8.2259
,,,,,,,,,,,,,,,,,1/12/1981,7.9785
,,,,,,,,,,,,,,,,,1/1/1982,8.1296
,,,,,,,,,,,,,,,,,1/2/1982,7.6374
,,,,,,,,,,,,,,,,,1/3/1982,7.5598
,,,,,,,,,,,,,,,,,1/4/1982,8.2174
,,,,,,,,,,,,,,,,,1/5/1982,7.8956
,,,,,,,,,,,,,,,,,1/6/1982,7.7354
,,,,,,,,,,,,,,,,,1/7/1982,7.8975
,,,,,,,,,,,,,,,,,1/8/1982,8.8134
,,,,,,,,,,,,,,,,,1/9/1982,8.8805
,,,,,,,,,,,,,,,,,1/10/1982,10.5791
,,,,,,,,,,,,,,,,,1/11/1982,10.9597
,,,,,,,,,,,,,,,,,1/12/1982,11.1266
,,,,,,,,,,,,,,,,,1/1/1983,11.6989
,,,,,,,,,,,,,,,,,1/2/1983,11.9211
,,,,,,,,,,,,,,,,,1/3/1983,12.3156
,,,,,,,,,,,,,,,,,1/4/1983,13.0604
,,,,,,,,,,,,,,,,,1/5/1983,12.8983
,,,,,,,,,,,,,,,,,1/6/1983,13.3153
,,,,,,,,,,,,,,,,,1/7/1983,12.2226
,,,,,,,,,,,,,,,,,1/8/1983,12.3609
,,,,,,,,,,,,,,,,,1/9/1983,12.4865
,,,,,,,,,,,,,,,,,1/10/1983,11.6572
,,,,,,,,,,,,,,,,,1/11/1983,11.8603
,,,,,,,,,,,,,,,,,1/12/1983,11.7555
,,,,,,,,,,,,,,,,,1/1/1984,10.7084
,,,,,,,,,,,,,,,,,1/2/1984,10.2923
,,,,,,,,,,,,,,,,,1/3/1984,10.4312
,,,,,,,,,,,,,,,,,1/4/1984,9.8796
,,,,,,,,,,,,,,,,,1/5/1984,9.2932
,,,,,,,,,,,,,,,,,1/6/1984,9.4556
,,,,,,,,,,,,,,,,,1/7/1984,9.0978
,,,,,,,,,,,,,,,,,1/8/1984,10.0652
,,,,,,,,,,,,,,,,,1/9/1984,10.0302
,,,,,,,,,,,,,,,,,1/10/1984,9.9814
,,,,,,,,,,,,,,,,,1/11/1984,9.8305
,,,,,,,,,,,,,,,,,1/12/1984,10.0505
,,,,,,,,,,,,,,,,,1/1/1985,10.9597
,,,,,,,,,,,,,,,,,1/2/1985,11.0543
,,,,,,,,,,,,,,,,,1/3/1985,11.0226
,,,,,,,,,,,,,,,,,1/4/1985,11.5202
,,,,,,,,,,,,,,,,,1/5/1985,12.1429
,,,,,,,,,,,,,,,,,1/6/1985,12.2902
,,,,,,,,,,,,,,,,,1/7/1985,12.5358
,,,,,,,,,,,,,,,,,1/8/1985,12.3854
,,,,,,,,,,,,,,,,,1/9/1985,11.9554
,,,,,,,,,,,,,,,,,1/10/1985,12.9925
,,,,,,,,,,,,,,,,,1/11/1985,13.8378
,,,,,,,,,,,,,,,,,1/12/1985,14.4613
,,,,,,,,,,,,,,,,,1/1/1986,14.5854
,,,,,,,,,,,,,,,,,1/2/1986,15.6281
,,,,,,,,,,,,,,,,,1/3/1986,16.4532
,,,,,,,,,,,,,,,,,1/4/1986,16.0109
,,,,,,,,,,,,,,,,,1/5/1986,16.8151
,,,,,,,,,,,,,,,,,1/6/1986,17.0523
,,,,,,,,,,,,,,,,,1/7/1986,15.9003
,,,,,,,,,,,,,,,,,1/8/1986,17.0323
,,,,,,,,,,,,,,,,,1/9/1986,15.5771
,,,,,,,,,,,,,,,,,1/10/1986,16.8494
,,,,,,,,,,,,,,,,,1/11/1986,17.2113
,,,,,,,,,,,,,,,,,1/12/1986,16.7244
,,,,,,,,,,,,,,,,,1/1/1987,18.151
,,,,,,,,,,,,,,,,,1/2/1987,18.8212
,,,,,,,,,,,,,,,,,1/3/1987,19.3179
,,,,,,,,,,,,,,,,,1/4/1987,19.9972
,,,,,,,,,,,,,,,,,1/5/1987,20.1179
,,,,,,,,,,,,,,,,,1/6/1987,21.0818
,,,,,,,,,,,,,,,,,1/7/1987,20.0921
,,,,,,,,,,,,,,,,,1/8/1987,20.7945
,,,,,,,,,,,,,,,,,1/9/1987,20.2919
,,,,,,,,,,,,,,,,,1/10/1987,14.388
,,,,,,,,,,,,,,,,,1/11/1987,13.16
,,,,,,,,,,,,,,,,,1/12/1987,14.1189
,,,,,,,,,,,,,,,,,1/1/1988,13.8284
,,,,,,,,,,,,,,,,,1/2/1988,14.4067
,,,,,,,,,,,,,,,,,1/3/1988,13.9263
,,,,,,,,,,,,,,,,,1/4/1988,12.0595
,,,,,,,,,,,,,,,,,1/5/1988,12.0978
,,,,,,,,,,,,,,,,,1/6/1988,12.6211
,,,,,,,,,,,,,,,,,1/7/1988,11.9674
,,,,,,,,,,,,,,,,,1/8/1988,11.5055
,,,,,,,,,,,,,,,,,1/9/1988,11.9626
,,,,,,,,,,,,,,,,,1/10/1988,11.7461
,,,,,,,,,,,,,,,,,1/11/1988,11.5242
,,,,,,,,,,,,,,,,,1/12/1988,11.6935
,,,,,,,,,,,,,,,,,1/1/1989,11.9179
,,,,,,,,,,,,,,,,,1/2/1989,11.5729
,,,,,,,,,,,,,,,,,1/3/1989,11.8137
,,,,,,,,,,,,,,,,,1/4/1989,12.2776
,,,,,,,,,,,,,,,,,1/5/1989,12.709
,,,,,,,,,,,,,,,,,1/6/1989,12.6082
,,,,,,,,,,,,,,,,,1/7/1989,14.6087
,,,,,,,,,,,,,,,,,1/8/1989,14.8354
,,,,,,,,,,,,,,,,,1/9/1989,14.7383
,,,,,,,,,,,,,,,,,1/10/1989,14.8824
,,,,,,,,,,,,,,,,,1/11/1989,15.1286
,,,,,,,,,,,,,,,,,1/12/1989,15.4526
,,,,,,,,,,,,,,,,,1/1/1990,15.186
,,,,,,,,,,,,,,,,,1/2/1990,15.3156
,,,,,,,,,,,,,,,,,1/3/1990,15.6871
,,,,,,,,,,,,,,,,,1/4/1990,15.5597
,,,,,,,,,,,,,,,,,1/5/1990,16.9911
,,,,,,,,,,,,,,,,,1/6/1990,16.8401
,,,,,,,,,,,,,,,,,1/7/1990,16.3822
,,,,,,,,,,,,,,,,,1/8/1990,14.8372
,,,,,,,,,,,,,,,,,1/9/1990,14.0777
,,,,,,,,,,,,,,,,,1/10/1990,14.2455
,,,,,,,,,,,,,,,,,1/11/1990,15.0993
,,,,,,,,,,,,,,,,,1/12/1990,15.4742
,,,,,,,,,,,,,,,,,1/1/1991,16.4245
,,,,,,,,,,,,,,,,,1/2/1991,17.5296
,,,,,,,,,,,,,,,,,1/3/1991,17.9188
,,,,,,,,,,,,,,,,,1/4/1991,19.3375
,,,,,,,,,,,,,,,,,1/5/1991,20.084
,,,,,,,,,,,,,,,,,1/6/1991,19.1221
,,,,,,,,,,,,,,,,,1/7/1991,21.7626
,,,,,,,,,,,,,,,,,1/8/1991,22.1902
,,,,,,,,,,,,,,,,,1/9/1991,21.7654
,,,,,,,,,,,,,,,,,1/10/1991,24.5742
,,,,,,,,,,,,,,,,,1/11/1991,23.4953
,,,,,,,,,,,,,,,,,1/12/1991,26.1171
,,,,,,,,,,,,,,,,,1/1/1992,25.2489
,,,,,,,,,,,,,,,,,1/2/1992,25.491
,,,,,,,,,,,,,,,,,1/3/1992,24.9345
,,,,,,,,,,,,,,,,,1/4/1992,24.3372
,,,,,,,,,,,,,,,,,1/5/1992,24.3607
,,,,,,,,,,,,,,,,,1/6/1992,23.9378
,,,,,,,,,,,,,,,,,1/7/1992,23.515
,,,,,,,,,,,,,,,,,1/8/1992,22.9507
,,,,,,,,,,,,,,,,,1/9/1992,23.1596
,,,,,,,,,,,,,,,,,1/10/1992,21.9319
,,,,,,,,,,,,,,,,,1/11/1992,22.5956
,,,,,,,,,,,,,,,,,1/12/1992,22.824
,,,,,,,,,,,,,,,,,1/1/1993,22.1159
,,,,,,,,,,,,,,,,,1/2/1993,22.3478
,,,,,,,,,,,,,,,,,1/3/1993,22.7656
,,,,,,,,,,,,,,,,,1/4/1993,22.7724
,,,,,,,,,,,,,,,,,1/5/1993,23.2897
,,,,,,,,,,,,,,,,,1/6/1993,23.3073
,,,,,,,,,,,,,,,,,1/7/1993,21.9564
,,,,,,,,,,,,,,,,,1/8/1993,22.7124
,,,,,,,,,,,,,,,,,1/9/1993,22.4855
,,,,,,,,,,,,,,,,,1/10/1993,21.3719
,,,,,,,,,,,,,,,,,1/11/1993,21.0959
,,,,,,,,,,,,,,,,,1/12/1993,21.3088
,,,,,,,,,,,,,,,,,1/1/1994,21.207
,,,,,,,,,,,,,,,,,1/2/1994,20.5698
,,,,,,,,,,,,,,,,,1/3/1994,19.6288
,,,,,,,,,,,,,,,,,1/4/1994,17.8933
,,,,,,,,,,,,,,,,,1/5/1994,18.1151
,,,,,,,,,,,,,,,,,1/6/1994,17.6298
,,,,,,,,,,,,,,,,,1/7/1994,16.7677
,,,,,,,,,,,,,,,,,1/8/1994,17.3981
,,,,,,,,,,,,,,,,,1/9/1994,16.9305
,,,,,,,,,,,,,,,,,1/10/1994,15.4363
,,,,,,,,,,,,,,,,,1/11/1994,14.8265
,,,,,,,,,,,,,,,,,1/12/1994,15.0088
,,,,,,,,,,,,,,,,,1/1/1995,14.4522
,,,,,,,,,,,,,,,,,1/2/1995,14.9736
,,,,,,,,,,,,,,,,,1/3/1995,15.3828
,,,,,,,,,,,,,,,,,1/4/1995,14.9495
,,,,,,,,,,,,,,,,,1/5/1995,15.4923
,,,,,,,,,,,,,,,,,1/6/1995,15.822
,,,,,,,,,,,,,,,,,1/7/1995,15.9767
,,,,,,,,,,,,,,,,,1/8/1995,15.9716
,,,,,,,,,,,,,,,,,1/9/1995,16.612
,,,,,,,,,,,,,,,,,1/10/1995,17.1231
,,,,,,,,,,,,,,,,,1/11/1995,17.826
,,,,,,,,,,,,,,,,,1/12/1995,18.1369
,,,,,,,,,,,,,,,,,1/1/1996,18.6845
,,,,,,,,,,,,,,,,,1/2/1996,18.814
,,,,,,,,,,,,,,,,,1/3/1996,18.963
,,,,,,,,,,,,,,,,,1/4/1996,18.7388
,,,,,,,,,,,,,,,,,1/5/1996,19.167
,,,,,,,,,,,,,,,,,1/6/1996,19.2103
,,,,,,,,,,,,,,,,,1/7/1996,17.7764
,,,,,,,,,,,,,,,,,1/8/1996,18.1108
,,,,,,,,,,,,,,,,,1/9/1996,19.0925
,,,,,,,,,,,,,,,,,1/10/1996,18.2099
,,,,,,,,,,,,,,,,,1/11/1996,19.5461
,,,,,,,,,,,,,,,,,1/12/1996,19.1257
,,,,,,,,,,,,,,,,,1/1/1997,19.5368
,,,,,,,,,,,,,,,,,1/2/1997,19.6526
,,,,,,,,,,,,,,,,,1/3/1997,18.8151
,,,,,,,,,,,,,,,,,1/4/1997,19.7618
,,,,,,,,,,,,,,,,,1/5/1997,20.9194
,,,,,,,,,,,,,,,,,1/6/1997,21.8284
,,,,,,,,,,,,,,,,,1/7/1997,23.482
,,,,,,,,,,,,,,,,,1/8/1997,22.1326
,,,,,,,,,,,,,,,,,1/9/1997,23.3091
,,,,,,,,,,,,,,,,,1/10/1997,23.0267
,,,,,,,,,,,,,,,,,1/11/1997,24.0534
,,,,,,,,,,,,,,,,,1/12/1997,24.4318
,,,,,,,,,,,,,,,,,1/1/1998,24.7921
,,,,,,,,,,,,,,,,,1/2/1998,26.5387
,,,,,,,,,,,,,,,,,1/3/1998,27.8642
,,,,,,,,,,,,,,,,,1/4/1998,28.5284
,,,,,,,,,,,,,,,,,1/5/1998,27.9913
,,,,,,,,,,,,,,,,,1/6/1998,29.0952
,,,,,,,,,,,,,,,,,1/7/1998,29.4216
,,,,,,,,,,,,,,,,,1/8/1998,25.1321
,,,,,,,,,,,,,,,,,1/9/1998,26.7002
,,,,,,,,,,,,,,,,,1/10/1998,29.1347
,,,,,,,,,,,,,,,,,1/11/1998,30.8573
,,,,,,,,,,,,,,,,,1/12/1998,32.5969
,,,,,,,,,,,,,,,,,1/1/1999,33.3413
,,,,,,,,,,,,,,,,,1/2/1999,32.265
,,,,,,,,,,,,,,,,,1/3/1999,33.5167
,,,,,,,,,,,,,,,,,1/4/1999,32.5495
,,,,,,,,,,,,,,,,,1/5/1999,31.7367
,,,,,,,,,,,,,,,,,1/6/1999,33.4644
,,,,,,,,,,,,,,,,,1/7/1999,30.2257
,,,,,,,,,,,,,,,,,1/8/1999,30.0366
,,,,,,,,,,,,,,,,,1/9/1999,29.179
,,,,,,,,,,,,,,,,,1/10/1999,28.2942
,,,,,,,,,,,,,,,,,1/11/1999,28.8335
,,,,,,,,,,,,,,,,,1/12/1999,30.5013
,,,,,,,,,,,,,,,,,1/1/2000,27.3692
,,,,,,,,,,,,,,,,,1/2/2000,26.8188
,,,,,,,,,,,,,,,,,1/3/2000,29.4128
,,,,,,,,,,,,,,,,,1/4/2000,27.9744
,,,,,,,,,,,,,,,,,1/5/2000,27.3613
,,,,,,,,,,,,,,,,,1/6/2000,28.0162
,,,,,,,,,,,,,,,,,1/7/2000,26.6449
,,,,,,,,,,,,,,,,,1/8/2000,28.2622
,,,,,,,,,,,,,,,,,1/9/2000,26.7507
,,,,,,,,,,,,,,,,,1/10/2000,28.588
,,,,,,,,,,,,,,,,,1/11/2000,26.299
,,,,,,,,,,,,,,,,,1/12/2000,26.4056
,,,,,,,,,,,,,,,,,1/1/2001,30.0618
,,,,,,,,,,,,,,,,,1/2/2001,27.2874
,,,,,,,,,,,,,,,,,1/3/2001,25.5354
,,,,,,,,,,,,,,,,,1/4/2001,33.9619
,,,,,,,,,,,,,,,,,1/5/2001,34.1348
,,,,,,,,,,,,,,,,,1/6/2001,33.2802
,,,,,,,,,,,,,,,,,1/7/2001,42.7845
,,,,,,,,,,,,,,,,,1/8/2001,40.0417
,,,,,,,,,,,,,,,,,1/9/2001,36.7693
,,,,,,,,,,,,,,,,,1/10/2001,42.9235
,,,,,,,,,,,,,,,,,1/11/2001,46.1503
,,,,,,,,,,,,,,,,,1/12/2001,46.4998
,,,,,,,,,,,,,,,,,1/1/2002,45.7571
,,,,,,,,,,,,,,,,,1/2/2002,44.8069
,,,,,,,,,,,,,,,,,1/3/2002,46.453
,,,,,,,,,,,,,,,,,1/4/2002,40.2737
,,,,,,,,,,,,,,,,,1/5/2002,39.908
,,,,,,,,,,,,,,,,,1/6/2002,37.0165
,,,,,,,,,,,,,,,,,1/7/2002,30.3469
,,,,,,,,,,,,,,,,,1/8/2002,30.495
,,,,,,,,,,,,,,,,,1/9/2002,27.1398
,,,,,,,,,,,,,,,,,1/10/2002,32.1044
,,,,,,,,,,,,,,,,,1/11/2002,33.9366
,,,,,,,,,,,,,,,,,1/12/2002,31.8891
,,,,,,,,,,,,,,,,,1/1/2003,28.2223
,,,,,,,,,,,,,,,,,1/2/2003,27.7424
,,,,,,,,,,,,,,,,,1/3/2003,27.9743
,,,,,,,,,,,,,,,,,1/4/2003,26.5389
,,,,,,,,,,,,,,,,,1/5/2003,27.8897
,,,,,,,,,,,,,,,,,1/6/2003,28.2055
,,,,,,,,,,,,,,,,,1/7/2003,25.669
,,,,,,,,,,,,,,,,,1/8/2003,26.1278
,,,,,,,,,,,,,,,,,1/9/2003,25.8157
,,,,,,,,,,,,,,,,,1/10/2003,21.5574
,,,,,,,,,,,,,,,,,1/11/2003,21.7111
,,,,,,,,,,,,,,,,,1/12/2003,22.8133
,,,,,,,,,,,,,,,,,1/1/2004,21.7525
,,,,,,,,,,,,,,,,,1/2/2004,22.0181
,,,,,,,,,,,,,,,,,1/3/2004,21.6579
,,,,,,,,,,,,,,,,,1/4/2004,19.7204
,,,,,,,,,,,,,,,,,1/5/2004,19.9587
,,,,,,,,,,,,,,,,,1/6/2004,20.3177
,,,,,,,,,,,,,,,,,1/7/2004,19.0708
,,,,,,,,,,,,,,,,,1/8/2004,19.1144
,,,,,,,,,,,,,,,,,1/9/2004,19.2934
,,,,,,,,,,,,,,,,,1/10/2004,19.3032
,,,,,,,,,,,,,,,,,1/11/2004,20.0482
,,,,,,,,,,,,,,,,,1/12/2004,20.6989
,,,,,,,,,,,,,,,,,1/1/2005,19.5834
,,,,,,,,,,,,,,,,,1/2/2005,19.9536
,,,,,,,,,,,,,,,,,1/3/2005,19.5721
,,,,,,,,,,,,,,,,,1/4/2005,18.2584
,,,,,,,,,,,,,,,,,1/5/2005,18.8052
,,,,,,,,,,,,,,,,,1/6/2005,18.8026
,,,,,,,,,,,,,,,,,1/7/2005,18.5396
,,,,,,,,,,,,,,,,,1/8/2005,18.3315
,,,,,,,,,,,,,,,,,1/9/2005,18.4589
,,,,,,,,,,,,,,,,,1/10/2005,17.2603
,,,,,,,,,,,,,,,,,1/11/2005,17.8676
,,,,,,,,,,,,,,,,,1/12/2005,17.8506
,,,,,,,,,,,,,,,,,1/1/2006,17.615
,,,,,,,,,,,,,,,,,1/2/2006,17.623
,,,,,,,,,,,,,,,,,1/3/2006,17.8185
,,,,,,,,,,,,,,,,,1/4/2006,17.5944
,,,,,,,,,,,,,,,,,1/5/2006,17.0505
,,,,,,,,,,,,,,,,,1/6/2006,17.052
,,,,,,,,,,,,,,,,,1/7/2006,16.2487
,,,,,,,,,,,,,,,,,1/8/2006,16.5944
,,,,,,,,,,,,,,,,,1/9/2006,17.002
,,,,,,,,,,,,,,,,,1/10/2006,16.9052
,,,,,,,,,,,,,,,,,1/11/2006,17.1835
,,,,,,,,,,,,,,,,,1/12/2006,17.4003
,,,,,,,,,,,,,,,,,1/1/2007,17.2969
,,,,,,,,,,,,,,,,,1/2/2007,16.9191
,,,,,,,,,,,,,,,,,1/3/2007,17.0879
,,,,,,,,,,,,,,,,,1/4/2007,17.4561
,,,,,,,,,,,,,,,,,1/5/2007,18.0243
,,,,,,,,,,,,,,,,,1/6/2007,17.7031
,,,,,,,,,,,,,,,,,1/7/2007,18.5149
,,,,,,,,,,,,,,,,,1/8/2007,18.7531
,,,,,,,,,,,,,,,,,1/9/2007,19.4243
,,,,,,,,,,,,,,,,,1/10/2007,23.4116
,,,,,,,,,,,,,,,,,1/11/2007,22.3805
,,,,,,,,,,,,,,,,,1/12/2007,22.1874
,,,,,,,,,,,,,,,,,1/1/2008,22.8275
,,,,,,,,,,,,,,,,,1/2/2008,22.0339
,,,,,,,,,,,,,,,,,1/3/2008,21.9026
,,,,,,,,,,,,,,,,,1/4/2008,26.9727
,,,,,,,,,,,,,,,,,1/5/2008,27.2607
,,,,,,,,,,,,,,,,,1/6/2008,24.9173
,,,,,,,,,,,,,,,,,1/7/2008,27.5817
,,,,,,,,,,,,,,,,,1/8/2008,27.918
,,,,,,,,,,,,,,,,,1/9/2008,25.3832
,,,,,,,,,,,,,,,,,1/10/2008,65.1042
,,,,,,,,,,,,,,,,,1/11/2008,60.2312
,,,,,,,,,,,,,,,,,1/12/2008,60.7023
,,,,,,,,,,,,,,,,,1/1/2009,120.3907
,,,,,,,,,,,,,,,,,1/2/2009,107.156
,,,,,,,,,,,,,,,,,1/3/2009,116.3076
,,,,,,,,,,,,,,,,,1/4/2009,116.2197
,,,,,,,,,,,,,,,,,1/5/2009,122.3888
,,,,,,,,,,,,,,,,,1/6/2009,122.4128
,,,,,,,,,,,,,,,,,1/7/2009,78.7464
,,,,,,,,,,,,,,,,,1/8/2009,81.3892
,,,,,,,,,,,,,,,,,1/9/2009,84.2967
,,,,,,,,,,,,,,,,,1/10/2009,20.3294
,,,,,,,,,,,,,,,,,1/11/2009,21.4956
,,,,,,,,,,,,,,,,,1/12/2009,21.8776
,,,,,,,,,,,,,,,,,1/1/2010,17.6247
,,,,,,,,,,,,,,,,,1/2/2010,18.1272
,,,,,,,,,,,,,,,,,1/3/2010,19.193
,,,,,,,,,,,,,,,,,1/4/2010,17.6854
,,,,,,,,,,,,,,,,,1/5/2010,16.2356
,,,,,,,,,,,,,,,,,1/6/2010,15.3608
,,,,,,,,,,,,,,,,,1/7/2010,15.3298
,,,,,,,,,,,,,,,,,1/8/2010,14.6024
,,,,,,,,,,,,,,,,,1/9/2010,15.8809
,,,,,,,,,,,,,,,,,1/10/2010,15.2975
,,,,,,,,,,,,,,,,,1/11/2010,15.2624
,,,,,,,,,,,,,,,,,1/12/2010,16.2591
,,,,,,,,,,,,,,,,,1/1/2011,15.8175
,,,,,,,,,,,,,,,,,1/2/2011,16.323
,,,,,,,,,,,,,,,,,1/3/2011,16.3059
,,,,,,,,,,,,,,,,,1/4/2011,16.2586
,,,,,,,,,,,,,,,,,1/5/2011,16.0391
,,,,,,,,,,,,,,,,,1/6/2011,15.7463
,,,,,,,,,,,,,,,,,1/7/2011,14.8572
,,,,,,,,,,,,,,,,,1/8/2011,14.0135
,,,,,,,,,,,,,,,,,1/9/2011,13.0078
,,,,,,,,,,,,,,,,,1/10/2011,14.414
,,,,,,,,,,,,,,,,,1/11/2011,14.3411
,,,,,,,,,,,,,,,,,1/12/2011,14.4635
,,,,,,,,,,,,,,,,,1/1/2012,14.8228
,,,,,,,,,,,,,,,,,1/2/2012,15.4244
,,,,,,,,,,,,,,,,,1/3/2012,15.9077
,,,,,,,,,,,,,,,,,1/4/2012,15.8998
,,,,,,,,,,,,,,,,,1/5/2012,14.9037
,,,,,,,,,,,,,,,,,1/6/2012,15.4932
,,,,,,,,,,,,,,,,,1/7/2012,15.9459
,,,,,,,,,,,,,,,,,1/8/2012,16.261
,,,,,,,,,,,,,,,,,1/9/2012,16.6551
,,,,,,,,,,,,,,,,,1/10/2012,16.3237
,,,,,,,,,,,,,,,,,1/11/2012,16.3701
,,,,,,,,,,,,,,,,,1/12/2012,16.4858
,,,,,,,,,,,,,,,,,1/1/2013,17.0822
,,,,,,,,,,,,,,,,,1/2/2013,17.2712
,,,,,,,,,,,,,,,,,1/3/2013,17.8927
,,,,,,,,,,,,,,,,,1/4/2013,17.5654
,,,,,,,,,,,,,,,,,1/5/2013,17.9301
,,,,,,,,,,,,,,,,,1/6/2013,17.6611
,,,,,,,,,,,,,,,,,1/7/2013,17.863
,,,,,,,,,,,,,,,,,1/8/2013,17.3039
,,,,,,,,,,,,,,,,,1/9/2013,17.8187
,,,,,,,,,,,,,,,,,1/10/2013,17.5303
,,,,,,,,,,,,,,,,,1/11/2013,18.0221
,,,,,,,,,,,,,,,,,1/12/2013,18.4467
,,,,,,,,,,,,,,,,,1/1/2014,17.6757
,,,,,,,,,,,,,,,,,1/2/2014,18.4378
,,,,,,,,,,,,,,,,,1/3/2014,18.5656
,,,,,,,,,,,,,,,,,1/4/2014,18.2695
,,,,,,,,,,,,,,,,,1/5/2014,18.6537
,,,,,,,,,,,,,,,,,1/6/2014,19.0092
,,,,,,,,,,,,,,,,,1/7/2014,18.2207
,,,,,,,,,,,,,,,,,1/8/2014,18.9069
,,,,,,,,,,,,,,,,,1/9/2014,18.6135
,,,,,,,,,,,,,,,,,1/10/2014,19.7249
,,,,,,,,,,,,,,,,,1/11/2014,20.2088
,,,,,,,,,,,,,,,,,1/12/2014,20.1241
,,,,,,,,,,,,,,,,,1/1/2015,20.1007
,,,,,,,,,,,,,,,,,1/2/2015,21.204
,,,,,,,,,,,,,,,,,1/3/2015,20.8352
,,,,,,,,,,,,,,,,,1/4/2015,21.9736
,,,,,,,,,,,,,,,,,1/5/2015,22.2041
,,,,,,,,,,,,,,,,,1/6/2015,21.7375
,,,,,,,,,,,,,,,,,1/7/2015,23.2058
,,,,,,,,,,,,,,,,,1/8/2015,21.7536
,,,,,,,,,,,,,,,,,1/9/2015,21.1784
,,,,,,,,,,,,,,,,,1/10/2015,24.0305
,,,,,,,,,,,,,,,,,1/11/2015,24.0426
,,,,,,,,,,,,,,,,,1/12/2015,23.6212
,,,,,,,,,,,,,,,,,1/1/2016,22.4461
,,,,,,,,,,,,,,,,,1/2/2016,22.3534
,,,,,,,,,,,,,,,,,1/3/2016,23.8286
,,,,,,,,,,,,,,,,,1/4/2016,23.7609
,,,,,,,,,,,,,,,,,1/5/2016,24.1252
,,,,,,,,,,,,,,,,,1/6/2016,24.147
,,,,,,,,,,,,,,,,,1/7/2016,24.3978
,,,,,,,,,,,,,,,,,1/8/2016,24.3681
,,,,,,,,,,,,,,,,,1/9/2016,24.338
,,,,,,,,,,,,,,,,,1/10/2016,22.487
,,,,,,,,,,,,,,,,,1/11/2016,23.2555
,,,,,,,,,,,,,,,,,1/12/2016,23.6788
,,,,,,,,,,,,,,,,,1/1/2017,22.7228
,,,,,,,,,,,,,,,,,1/2/2017,23.5681
,,,,,,,,,,,,,,,,,1/3/2017,23.5589
,,,,,,,,,,,,,,,,,1/4/2017,22.9206
,,,,,,,,,,,,,,,,,1/5/2017,23.1859
,,,,,,,,,,,,,,,,,1/6/2017,23.2975
,,,,,,,,,,,,,,,,,1/7/2017,23.0697
,,,,,,,,,,,,,,,,,1/8/2017,23.0823
,,,,,,,,,,,,,,,,,1/9/2017,23.5278
,,,,,,,,,,,,,,,,,1/10/2017,23.437
,,,,,,,,,,,,,,,,,1/11/2017,24.0952
,,,,,,,,,,,,,,,,,1/12/2017,24.3321
,,,,,,,,,,,,,,,,,1/1/2018,24.4613
,,,,,,,,,,,,,,,,,1/2/2018,23.5086
,,,,,,,,,,,,,,,,,1/3/2018,22.8766
,,,,,,,,,,,,,,,,,1/4/2018,21.6203
,,,,,,,,,,,,,,,,,1/5/2018,22.0874
,,,,,,,,,,,,,,,,,1/6/2018,22.1944
,,,,,,,,,,,,,,,,,1/7/2018,21.599
,,,,,,,,,,,,,,,,,1/8/2018,22.2526
,,,,,,,,,,,,,,,,,1/9/2018,22.3482
,,,,,,,,,,,,,,,,,1/10/2018,20.483
,,,,,,,,,,,,,,,,,1/11/2018,20.8488
,,,,,,,,,,,,,,,,,1/12/2018,18.9353
,,,,,,,,,,,,,,,,,1/1/2019,20.1213
,,,,,,,,,,,,,,,,,1/2/2019,20.7195
,,,,,,,,,,,,,,,,,1/3/2019,21.0909
,,,,,,,,,,,,,,,,,1/4/2019,21.7774
,,,,,,,,,,,,,,,,,1/5/2019,20.3449
,,,,,,,,,,,,,,,,,1/6/2019,21.7473
,,,,,,,,,,,,,,,,,1/7/2019,22.4257
,,,,,,,,,,,,,,,,,1/8/2019,22.02
,,,,,,,,,,,,,,,,,1/9/2019,22.3983
,,,,,,,,,,,,,,,,,1/10/2019,21.7699
,,,,,,,,,,,,,,,,,1/11/2019,22.5111
,,,,,,,,,,,,,,,,,1/12/2019,23.1547
,,,,,,,,,,,,,,,,,1/1/2020,27.7273
,,,,,,,,,,,,,,,,,1/2/2020,25.3952
,,,,,,,,,,,,,,,,,1/3/2020,22.2177
,,,,,,,,,,,,,,,,,1/4/2020,29.3503
,,,,,,,,,,,,,,,,,1/5/2020,30.6793
,,,,,,,,,,,,,,,,,1/6/2020,31.2435
,,,,,,,,,,,,,,,,,1/7/2020,33.2938
,,,,,,,,,,,,,,,,,1/8/2020,35.6266
,,,,,,,,,,,,,,,,,1/9/2020,34.229
,,,,,,,,,,,,,,,,,1/10/2020,33.282
,,,,,,,,,,,,,,,,,1/11/2020,36.8614
,,,,,,,,,,,,,,,,,1/12/2020,38.2297
,,,,,,,,,,,,,,,,,1/1/2021,28.9722
,,,,,,,,,,,,,,,,,1/2/2021,29.7282
,,,,,,,,,,,,,,,,,1/3/2021,30.9898
,,,,,,,,,,,,,,,,,1/4/2021,26.3364
,,,,,,,,,,,,,,,,,1/5/2021,26.4809
,,,,,,,,,,,,,,,,,1/6/2021,27.0692
,,,,,,,,,,,,,,,,,1/7/2021,25.0628
,,,,,,,,,,,,,,,,,1/8/2021,25.7894
,,,,,,,,,,,,,,,,,1/9/2021,24.5626
,,,,,,,,,,,,,,,,,1/10/2021,23.2748
,,,,,,,,,,,,,,,,,1/11/2021,23.0808
,,,,,,,,,,,,,,,,,1/12/2021,24.0874
,,,,,,,,,,,,,,,,,1/1/2022,22.8162
,,,,,,,,,,,,,,,,,1/2/2022,22.1007
,,,,,,,,,,,,,,,,,1/3/2022,22.8913
,,,,,,,,,,,,,,,,,1/4/2022,21.4914
,,,,,,,,,,,,,,,,,1/5/2022,21.4925
,,,,,,,,,,,,,,,,,1/6/2022,19.6889
,,,,,,,,,,,,,,,,,1/7/2022,22.0777
,,,,,,,,,,,,,,,,,1/8/2022,21.1407
,,,,,,,,,,,,,,,,,1/9/2022,19.1662
,,,,,,,,,,,,,,,,,1/10/2022,22.4138
,,,,,,,,,,,,,,,,,1/11/2022,23.6186
,,,,,,,,,,,,,,,,,1/12/2022,22.2258
,,,,,,,,,,,,,,,,,1/1/2023,23.266
,,,,,,,,,,,,,,,,,1/2/2023,22.6585
,,,,,,,,,,,,,,,,,1/3/2023,23.4527
,,,,,,,,,,,,,,,,,1/4/2023,23.0345
,,,,,,,,,,,,,,,,,1/5/2023,23.0917
,,,,,,,,,,,,,,,,,1/6/2023,24.5864
,,,,,,,,,,,,,,,,,1/7/2023,24.9062
,,,,,,,,,,,,,,,,,1/8/2023,24.4649
,,,,,,,,,,,,,,,,,1/9/2023,23.273
,,,,,,,,,,,,,,,,,1/10/2023,21.7939
,,,,,,,,,,,,,,,,,1/11/2023,23.7375
,,,,,,,,,,,,,,,,,1/12/2023,24.7874
,,,,,,,,,,,,,,,,,1/1/2024,25.2654
,,,,,,,,,,,,,,,,,1/2/2024,26.5721
,,,,,,,,,,,,,,,,,1/3/2024,27.3964
,,,,,,,,,,,,,,,,,1/4/2024,26.2563
,,,,,,,,,,,,,,,,,1/5/2024,27.5171
