Price,Close,High,Low,Open,Volume
Ticker,SPY,SPY,SPY,SPY,SPY
Date,,,,,
2000-01-01,88.68181610107422,94.2020903680018,85.78267925585325,94.2020903680018,156770800
2000-02-01,87.33151245117188,91.85893055914532,84.33309080948771,88.80093762656676,186938300
2000-03-01,95.55237579345703,98.96779737210929,85.80253861253696,87.45067809525868,247594900
2000-04-01,92.43085479736328,97.5371469049497,85.04514574506481,95.63597382005885,229246200
2000-05-01,90.97757720947266,94.59080046188387,86.95624885141719,93.36648514495114,161024000
2000-06-01,92.55027770996094,95.01881598400593,91.09702533895057,91.5349918069263,127146000
2000-07-01,91.31143951416016,97.0483361182513,90.36360442304945,92.8678845058788,106780100
2000-08-01,97.27784729003906,97.75675361515925,91.07201949368991,91.71056126051683,102365500
2000-09-01,91.71060180664062,98.07606785892922,90.75278873294204,97.85656902953995,113203000
2000-10-01,91.51092529296875,93.30133469590257,83.31905210300904,92.36111970218313,178392400
2000-11-01,84.6793441772461,92.37110128477057,83.05897401935408,91.0608019595616,156699900
2000-12-01,83.97920227050781,89.3404281419933,80.35837434984037,85.25949501593718,165416700
2001-01-01,87.98188781738281,89.06062758183863,81.90913162130586,84.75849386780891,181296400
2001-02-01,79.5895004272461,88.60472667651503,78.20896840339881,88.03324939901053,178607000
2001-03-01,74.92778015136719,82.0295116468403,69.37353043776821,79.65370778962617,318187200
2001-04-01,81.5486068725586,81.94134393525273,70.37156736403661,74.87843797514712,251839700
2001-05-01,81.09146118164062,85.0446293771554,79.47543000221266,80.52488504154896,208040000
2001-06-01,78.93456268310547,83.2032081994364,77.51812060174345,81.25237923083223,203578200
2001-07-01,78.35200500488281,80.26964450579031,75.38192582895557,79.2882288808833,196892900
2001-08-01,73.70320892333984,79.57880313950082,72.34084524629812,78.75234658066539,269599600
2001-09-01,67.4337158203125,75.0074153604683,60.56379358364475,73.50946250268511,419156100
2001-10-01,68.56818389892578,72.450256330211,66.64334851133529,67.33680724224487,512612000
2001-11-01,73.91490936279297,75.76197094334513,68.5033361246929,69.0866200302753,372515000
2001-12-01,74.07695770263672,76.47489742369439,72.58634331740484,73.65569668554491,308403900
2002-01-01,73.60340881347656,76.73145454366207,70.49487194007263,74.85852986921923,349380000
2002-02-01,72.28324890136719,73.68144137370143,70.11767672060485,73.5448694676193,424492600
2002-03-01,74.47483825683594,76.67292875922521,72.51737352908839,72.65394048952002,385578100
2002-04-01,70.3446273803711,75.06644222442434,69.54243817834549,74.49904483897112,404461000
2002-05-01,69.92721557617188,72.55551804029447,68.41414789337371,70.41635390003903,452626500
2002-06-01,64.54017639160156,70.1750499747677,62.081443059040026,69.84243449238161,534883500
2002-07-01,59.66123580932617,65.31583234586083,50.83901524459837,64.91006086077657,1124248800
2002-08-01,60.06700897216797,63.58150022788446,54.680745801738446,59.477987393948816,936191200
2002-09-01,53.52884292602539,61.081390785896865,52.946367843503346,59.37977801696105,1013828600
2002-10-01,58.1931266784668,60.01413001827928,50.66588822223594,54.189557521191794,1344248100
2002-11-01,61.782535552978516,62.42021017950068,57.48970368773694,58.0813654698627,818243400
2002-12-01,58.00249099731445,63.143366489102576,57.26620008998234,62.76207271482855,728285900
2003-01-01,56.85395812988281,62.0068870108727,55.59215430054529,58.697121036385674,911319900
2003-02-01,56.087615966796875,57.34941952457846,53.511152080789266,56.90679762442682,862248300
2003-03-01,55.98190689086914,59.377552093893726,52.440921964411,56.32543806266079,1156870200
2003-04-01,60.96346664428711,61.55379899052154,56.32040006277702,56.54591801053356,996114200
2003-05-01,64.30648803710938,64.39934898975527,60.02823466271308,60.97011293128846,881509900
2003-06-01,64.75751495361328,67.77551043607119,64.12075210595258,64.69118643916678,867970200
2003-07-01,66.16305541992188,67.83394194234232,64.19260985526199,64.73847649764194,895260500
2003-08-01,67.5276870727539,67.7806477884453,64.13265939197022,66.0298825355206,772702000
2003-09-01,66.53583526611328,69.6978685543954,66.06985344463166,67.66085505074584,818513400
2003-10-01,70.36639404296875,70.814118200592,66.9583310923425,66.98506157764642,831700900
2003-11-01,71.13488006591797,71.46900351404031,69.24374522426814,70.66710927787439,630654200
2003-12-01,74.36248779296875,74.52286556445216,70.80741575212897,71.40215487393415,678350400
2004-01-01,76.19095611572266,78.21859468546934,74.34459443859784,75.02270903915364,737674000
2004-02-01,77.22490692138672,78.28572676054443,75.72096298483355,76.33865360418838,676976900
2004-03-01,75.93582916259766,78.53416577964437,73.08236074265878,77.50020249043632,1125003900
2004-04-01,74.76016998291016,77.75839548213335,74.71974615706266,76.18179944934371,968620900
2004-05-01,76.04032897949219,76.30983321000467,72.80628849407371,75.036430989708,981083900
2004-06-01,77.16548919677734,77.44173239503414,75.3732959084366,75.7708105903792,721880400
2004-07-01,74.9519271850586,77.35926441389711,73.17347744536205,77.25783078148295,954619200
2004-08-01,75.13451385498047,75.48614462420375,72.07800839401166,74.51239510066972,922892000
2004-09-01,75.57408142089844,76.9129893975077,74.66118868064103,75.02634164943926,790891900
2004-10-01,76.86642456054688,77.87139425535267,74.25215225270787,76.22813796820853,1044071300
2004-11-01,80.05108642578125,80.89987647201322,76.86642451452585,77.11087646228891,961601700
2004-12-01,82.31786346435547,82.85588932704566,80.1793838154622,80.47223320411742,909170200
2005-01-01,80.85236358642578,83.31570461993283,79.62753453804397,83.17884914998653,1184211500
2005-02-01,82.54244995117188,83.25408242629122,80.81126946230951,80.91390971535078,1025608400
2005-03-01,80.71549224853516,84.33523649409268,79.54540561816044,82.67248070977044,1330548800
2005-04-01,79.51438903808594,81.92558277791092,78.00310253074139,81.49280132350188,1633318500
2005-05-01,82.07671356201172,82.6056622742734,78.86179028007535,79.73421367954816,1334647300
2005-06-01,81.87062072753906,83.76660233119668,81.57523230827721,82.10418098225394,1089322900
2005-07-01,85.34618377685547,85.9669345199715,81.56651082927843,82.38727628646932,1176306400
2005-08-01,84.54611206054688,86.03590863343273,83.0287207179448,85.40826443856153,1306564800
2005-09-01,84.86338806152344,86.03591325372601,83.07011207138272,84.50472970619882,1287005000
2005-10-01,83.20897674560547,85.43240757287705,80.95783897314104,85.16919952038415,1784566400
2005-11-01,86.8662338256836,88.25154969027325,83.20899550413596,83.52069474440502,1183732800
2005-12-01,86.24283599853516,88.72254724672605,86.13893625735814,87.28874561525218,1073146800
2006-01-01,88.78202819824219,90.13290938614485,86.61644261483212,87.17350844620343,1233910800
2006-02-01,89.29034423828125,90.55069915103257,87.3197354503383,89.00485185648921,1145244400
2006-03-01,90.40449523925781,91.54647563610622,88.55922028777088,89.54801259790877,1350777100
2006-04-01,91.91051483154297,92.18316292124977,89.49862624299811,90.93178083449304,1300327900
2006-05-01,89.14208984375,92.84032315082537,87.219568135936,91.91052046295809,1752747100
2006-06-01,88.98126220703125,90.484319816093,85.52771367813511,89.05117099499016,2163829300
2006-07-01,89.77481079101562,89.9784461264197,85.94086170554208,89.47989286688855,1691301400
2006-08-01,91.73394775390625,92.01481899834448,88.67240404550448,89.41672248636182,1420345400
2006-09-01,93.79833221435547,94.08623204352509,90.82807814130325,92.08499072262288,1363687900
2006-10-01,97.1800765991211,98.03346618376881,93.55495461099382,94.18265047479723,1443344100
2006-11-01,99.11256408691406,99.55689198747064,95.64965184856648,97.48337613376887,1502059900
2006-12-01,99.8813247680664,101.02388081996189,98.01234503261924,99.11257542493325,1212756800
2007-01-01,101.94844055175781,102.21794250100851,99.46621765136719,100.88463073730468,1330329900
2007-02-01,99.94847106933594,103.84201881446613,98.57970766094542,102.23211696145681,1494548900
2007-03-01,100.70732116699219,101.99098317716664,96.98398710976184,98.82082931413709,2918304400
2007-04-01,105.58536529541016,106.66052167764502,100.73651431126075,101.22069321358792,1791289900
2007-05-01,109.1668472290039,109.57269274006578,105.1439300829598,105.67794476800097,2508178000
2007-06-01,107.1091079711914,109.93582677792917,105.42162492088544,109.5655843919626,3502885400
2007-07-01,104.20263671875,111.21764909348732,103.71637114656835,107.88533599547014,3988676200
2007-08-01,105.5398941040039,107.68515929926245,97.9671105834732,103.81652844508096,6195918600
2007-09-01,109.10816955566406,110.40247757865814,103.20869132763967,105.43976323859604,2967009200
2007-10-01,111.11305236816406,113.17509973828237,106.80935935255101,109.64017548498293,3850069600
2007-11-01,106.80933380126953,110.2221168165934,101.06148872282934,110.13589168547857,5472709900
2007-12-01,105.04908752441406,109.84853423146379,103.43250564850669,106.47167650553124,3293787500
2008-01-01,99.22149658203125,106.16997048875876,91.00901953640472,105.83771048868563,6106834300
2008-02-01,96.6573715209961,100.83944820259353,95.14776894793677,99.63321875542239,4151028600
2008-03-01,95.32112121582031,98.09472698233262,91.05958635623284,96.1662037061797,5462121800
2008-04-01,100.35875701904297,102.05003502357941,96.05435431603252,96.98346679672031,4014652600
2008-05-01,101.8758316040039,104.74301511975418,99.8216187259018,100.4458672014943,3646997000
2008-06-01,92.89681243896484,102.26778797093193,92.21449310624891,101.49836781306702,5408930000
2008-07-01,92.52253723144531,94.2222745022076,87.55463571401661,92.29638832240568,7156206800
2008-08-01,93.95234680175781,95.93658867853894,91.01246679662074,92.73408809761342,4344355500
2008-09-01,84.61473846435547,95.35298936515201,80.63166748360686,94.85692337155717,8105188900
2008-10-01,71.04639434814453,85.618132532961,61.324565294011364,84.57624169316192,11882352200
2008-11-01,66.10110473632812,74.00330486246158,54.544967074911675,71.00971357239814,8762237000
2008-12-01,66.21114349365234,67.81799820699466,60.062548483044125,64.20808339688655,6919927700
2009-01-01,61.26760482788086,69.86267006032942,59.21129838255015,66.89656172547863,6872039400
2009-02-01,54.684471130371094,64.89943676930055,54.59570761483015,60.33561849050486,7275092500
2009-03-01,58.81927490234375,61.61526641984122,49.63246256047605,53.64152161137569,8813959700
2009-04-01,65.12560272216797,66.31755956458645,58.353794181250805,58.502786655166155,6023006600
2009-05-01,68.93241119384766,69.80402900365824,64.60411608925672,65.14049802873953,5195735600
2009-06-01,68.50032806396484,71.5994213218166,66.19091077714737,69.78168371158824,5054855000
2009-07-01,74.02661895751953,74.79078725504156,65.17878765744457,69.179413949386,4295844600
2009-08-01,76.7611312866211,78.17708378102652,73.50219309657368,74.80576722943246,3957574800
2009-09-01,79.10607147216797,80.95655068305858,74.59600137817239,76.37905128216111,3777956700
2009-10-01,77.95479583740234,83.03585883766698,76.77297845076559,77.53325763366765,4481700800
2009-11-01,82.75733184814453,84.11227832063574,77.59346670004334,78.38385070657327,3430866200
2009-12-01,83.88646697998047,85.08333679669535,82.06480750361304,83.49503373989077,2883885800
2010-01-01,81.27304077148438,87.1382616445531,81.14438569937063,85.04192072465072,3706842300
2010-02-01,83.80833435058594,84.44405165873196,79.14643244461749,81.84821801285801,4451912400
2010-03-01,88.54590606689453,89.4313637418165,84.13374543012196,84.15644858476934,3899688500
2010-04-01,90.28595733642578,92.8012926897379,88.98649678968277,89.51844346698697,3887089700
2010-05-01,83.11235809326172,91.70704167667358,79.32035742561837,90.71914447957487,7413878800
2010-06-01,78.4388427734375,86.02283140446072,78.18046728984105,82.33722528874704,5706059600
2010-07-01,84.19499206542969,85.73733584768713,77.21628344552815,78.75862722778558,4725402000
2010-08-01,80.4078140258789,86.41683246573058,79.62901142133919,85.50822457267944,4541971600
2010-09-01,87.14221954345703,88.40969003366723,81.43861981343483,81.49206701330466,4035642500
2010-10-01,90.95555877685547,91.93044231414346,86.87948650279806,88.2688809014368,3767490800
2010-11-01,90.95555877685547,94.3791533096098,90.26469758044921,91.40078108748317,3983708900
2010-12-01,96.52851104736328,96.8739387641798,92.26053263179247,92.26820463865948,2722749900
2011-01-01,99.29710388183594,100.5857851551992,96.99756267755232,97.77694014685979,2860314700
2011-02-01,102.74645233154297,103.93481449304632,99.83730464667849,99.89903881639454,2820073500
2011-03-01,102.31429290771484,103.16312275750653,96.67346590702122,103.07052741919661,4787459400
2011-04-01,105.73482513427734,105.84333810916226,100.37174637151757,103.39429865615257,2812718500
2011-05-01,104.5490493774414,106.31607469799205,101.82101734001355,106.23083478345116,3337607300
2011-06-01,102.27824401855469,104.56452502890124,97.79867957127382,104.24676755209715,4710433400
2011-07-01,100.72914123535156,105.69043504764012,99.66989982484559,102.87877297239461,3840768000
2011-08-01,95.19151306152344,101.99869960014854,85.88420652023795,101.90522906211719,9050451800
2011-09-01,88.1273193359375,96.1105717531879,86.68644081979733,95.24604345506707,6188283200
2011-10-01,98.25186157226562,101.32076290659829,84.10515951149469,88.06654739741465,5721102000
2011-11-01,97.85254669189453,100.22468725234461,90.97100425082728,95.53521367667985,5013586000
2011-12-01,98.25186157226562,99.62973795677405,93.96948864209313,97.7429861942384,3848636100
2012-01-01,103.46025085449219,105.098964839706,99.60766690190884,100.655506647593,2883821400
2012-02-01,107.95098114013672,108.87276224020631,104.09840330166621,104.22444989757149,2894582000
2012-03-01,110.93695068359375,111.74055955819776,105.85533001913261,108.17948080130782,3057516200
2012-04-01,110.67931365966797,112.53096795663983,107.42706469581118,111.28861906730444,3035644100
2012-05-01,104.0323715209961,112.095732819705,102.51307463975519,110.61599133970664,4004156100
2012-06-01,107.69608306884766,107.83060280509484,100.60601999699047,102.40227685026093,3644886200
2012-07-01,109.53470611572266,110.83120183669125,105.47020544171565,108.55635388757631,2864743300
2012-08-01,112.27886199951172,113.81398084112647,107.84052083138816,110.3221692595107,2413590900
2012-09-01,114.51390075683594,117.80686092367512,111.45956335449253,112.18336915309044,2391233500
2012-10-01,113.03013610839844,117.67608436790107,112.26246943101663,115.56501625716095,2719915500
2012-11-01,113.66983032226562,114.9252821253703,107.71246187084826,113.27000677248397,3032769100
2012-12-01,113.87779998779297,116.41268102256448,111.58280343450443,114.189662015373,2889875900
2013-01-01,120.5561752319336,121.55477458109812,116.55374136232457,116.85976632007507,2587140200
2013-02-01,122.0943603515625,123.43924101513883,119.77503872000278,121.32124904498015,2581459300
2013-03-01,126.16927337646484,126.31423712556915,121.12798297307536,121.67559376523305,2330972300
2013-04-01,129.16525268554688,129.19761562424583,124.20669998599595,126.66575258479574,2907035000
2013-05-01,132.21473693847656,136.76076451464434,127.88712821797735,128.88207202090396,2781596000
2013-06-01,129.76382446289062,134.26940644099128,125.97007891692552,132.5221782945729,3533321800
2013-07-01,137.19174194335938,138.12689492542583,130.28783229743482,131.13353489275235,2330904500
2013-08-01,133.07701110839844,139.02949954304387,132.5891101533937,138.23258596416287,2283131700
2013-09-01,136.62245178222656,141.16814022219842,133.11764580113638,134.3618109775292,2226749600
2013-10-01,143.6457977294922,145.05128698872122,134.4447569698431,137.39464852956257,2901739000
2013-11-01,147.9031219482422,148.5159801883592,142.80413690176073,143.83374672508234,1930952900
2013-12-01,150.9183807373047,150.9183807373047,144.89603131706116,147.976656309317,2232775900
2014-01-01,146.3892364501953,151.94312975283106,145.32119161783555,151.15440680072163,2530650900
2014-02-01,153.05227661132812,153.75883657721565,142.71680152401157,146.2167311022018,2394184600
2014-03-01,153.643798828125,155.29518402219796,150.96545031787582,151.70486791714714,2554084300
2014-04-01,155.39463806152344,156.5416746228348,149.61819241055792,154.8252435469782,2345902000
2014-05-01,159.00083923339844,159.09987261113525,153.49671142116586,155.3204239786373,1781093800
2014-06-01,161.5094451904297,162.23563106566706,158.41492027888967,159.22361926344232,1675047300
2014-07-01,160.1027069091797,165.05279947644604,160.00321163007686,162.68139832587624,1893710200
2014-08-01,166.42086791992188,166.51207611300677,157.99659124731787,159.66319988242586,1829885000
2014-09-01,163.3612823486328,167.40757889487605,162.55699527190194,166.63646533891267,2106462700
2014-10-01,167.99017333984375,168.12346225407882,151.54602534665804,163.8583059764698,3943068000
2014-11-01,172.60525512695312,173.163388363385,166.65737175625785,168.20682100632814,1571091800
2014-12-01,171.22235107421875,177.4118201245861,164.82463556807173,171.93876311683601,3045171000
2015-01-01,167.06617736816406,173.28980756338493,166.3123115258931,172.87099036628183,3183506000
2015-02-01,176.45608520507812,177.77954923658905,165.73436114800933,167.56878273104482,1901638100
2015-03-01,172.912841796875,177.62872697905573,170.9779086157862,176.556556101385,2749923000
2015-04-01,175.39266967773438,178.77498082843323,172.06923513903268,173.65102092423734,2036685200
2015-05-01,177.64761352539062,179.86883921751559,173.96239321227858,176.18361890440352,1892519900
2015-06-01,173.1967010498047,179.49857892702303,172.7171121005614,178.32066142801153,2535242600
2015-07-01,177.97061157226562,180.23645449634154,172.568083784512,175.62866689564964,2452758000
2015-08-01,167.1233367919922,178.65549763053522,154.2130616339962,177.93685895228757,3734926900
2015-09-01,162.01666259765625,171.53660563570563,158.04296185900043,163.27639875027054,3279512900
2015-10-01,176.71170043945312,177.99499963996743,160.7258072497968,163.24140306639106,2536184400
2015-11-01,177.35760498046875,179.88169476498476,171.82499811419163,177.04316036371108,1924512800
2015-12-01,173.2612762451172,179.3207934630379,169.82784116618504,177.99501147248134,2924882300
2016-01-01,165.61497497558594,172.60820888929297,154.75750200676808,171.4027825385791,3712950900
2016-02-01,165.47817993164062,168.1455240104785,154.81733506816292,164.5976140839465,2920730800
2016-03-01,175.7030487060547,176.85718213449343,166.2390841496652,166.7178369536133,2323306500
2016-04-01,177.30531311035156,181.249629160576,174.52108307426067,175.6038457555656,1910635600
2016-05-01,180.32151794433594,181.05195253031965,174.25465986834266,177.8122798991205,1828530900
2016-06-01,180.0121612548828,182.62452768397358,170.7056304368368,179.7028024175514,2612406900
2016-07-01,187.5477294921875,187.91052290020158,178.85792780076395,180.94831639770536,1648453700
2016-08-01,187.7723388671875,189.68997071986945,185.06864798343645,187.60821520350206,1519703200
2016-09-01,186.8394317626953,189.3617192843617,183.39287444159152,187.76368838162674,2292393000
2016-10-01,184.52761840820312,188.13048116582146,183.3642858777093,187.36650851367602,1725687400
2016-11-01,191.32533264160156,192.57548664832856,180.90740024832445,184.85752234977315,2073824400
2016-12-01,194.06002807617188,198.23588038398066,190.25747864131236,191.62917461665933,1821910200
2017-01-01,198.69692993164062,200.60068278247195,195.50947075970015,196.52246304965144,1482408500
2017-02-01,206.50405883789062,207.2376091922186,198.0769310961142,198.69695104137995,1365136600
2017-03-01,205.86659240722656,209.8662078658146,202.25994944447973,208.1807741356435,1921474100
2017-04-01,208.8145751953125,210.08633466462126,203.92924797632637,206.8148399261463,1549613700
2017-05-01,211.76150512695312,212.32283395673218,206.49026299256283,209.34076367473384,1492547000
2017-06-01,212.07725524902344,214.89266537546612,210.4634365224597,212.2263567569319,1572753000
2017-07-01,217.4918212890625,218.57588339680908,211.8247057062109,214.06335333339536,1055908800
2017-08-01,218.1263885498047,219.3779100879055,213.13791980120027,218.0999489957068,1557031500
2017-09-01,221.42262268066406,221.5019547833088,215.88771911106275,218.50534228837657,1286405100
2017-10-01,227.7650604248047,228.42051784376176,222.57469128311456,222.75184778127303,1320624600
2017-11-01,234.72686767578125,235.64800565478035,226.41873181754204,228.55334028457463,1365620900
2017-12-01,236.3654327392578,237.90661830692122,230.96251192604726,234.5054249997757,1715222900
2018-01-01,250.9630584716797,255.17397741256283,238.05435174366318,238.44606639716142,1985506700
2018-02-01,241.83795166015625,251.99577229729167,225.16346646551423,250.22417217611385,2923722000
2018-03-01,234.27078247070312,249.6366045760821,229.5346156171904,241.62430326071242,2323561800
2018-04-01,236.42471313476562,242.49374095238406,227.6294999742159,234.67280350747515,1998466500
2018-05-01,242.17189025878906,245.1304359083558,231.54434431994414,235.85256855501143,1606397200
2018-06-01,242.475830078125,249.80517531366618,239.98206112759732,243.48585246527196,1599001000
2018-07-01,252.58782958984375,255.31725480914633,241.73301111867974,241.97544402878756,1266892500
2018-08-01,260.650390625,261.93428767528343,250.63953915923727,252.79433696805202,1308443700
2018-09-01,261.0185546875,263.9095840669401,257.4182280883281,260.22845561738035,1228103300
2018-10-01,244.08096313476562,264.44583314433896,234.35849172668313,263.45373860804955,3024345800
2018-11-01,248.60850524902344,253.63209032343542,237.26262559354186,244.95582455328264,2021061200
2018-12-01,225.4026336669922,252.89251587522463,210.82794011627695,252.7842923811489,3102780500
2019-01-01,244.87124633789062,245.36112359872158,221.0490785232948,223.14462920887482,2048691700
2019-02-01,252.80894470214844,255.1947950554562,242.96619077243645,245.07082195785262,1371716300
2019-03-01,256.25628662109375,258.70561844909946,247.1301979864283,254.40566004906958,1678081300
2019-04-01,267.8997497558594,268.29157041498075,259.1343787578104,259.40774394834494,1209204700
2019-05-01,250.81541442871094,268.747093762501,250.7880806961502,268.53751660857387,1845593200
2019-06-01,266.97027587890625,269.98621772660687,248.8290500412838,250.85182935303337,1340435600
2019-07-01,272.32489013671875,276.7197544451707,269.48654550991006,271.6381952080564,1110102300
2019-08-01,267.7652893066406,275.47456975043457,257.9409624949063,272.4805895222664,2034004800
2019-09-01,271.7206726074219,277.086065040616,264.85372136572545,266.0440096793039,1303830000
2019-10-01,279.0093994140625,280.1315825906068,261.9835252117639,273.8676014052788,1386748300
2019-11-01,289.10906982421875,290.1852732425051,280.3063720506614,280.47196124089777,1037123500
2019-12-01,296.05377197265625,297.83822815408286,282.50481752871167,289.36667892706873,1285175800
2020-01-01,297.38909912109375,307.7602362274306,296.12272459778865,299.0621589071901,1392003800
2020-02-01,273.8460998535156,313.4264794450548,263.93713331079226,298.88656970311234,2110214900
2020-03-01,238.24961853027344,290.0960597751498,201.74727616556058,275.64856142032386,5926017600
2020-04-01,270.08233642578125,274.17336020324046,226.77319510600233,230.566696846143,2819312300
2020-05-01,282.950439453125,285.29347304169823,253.82043849922545,265.27532612591875,1910460500
2020-06-01,286.7067565917969,300.69995331459654,275.90272471372083,282.2996114013304,2358674500
2020-07-01,304.92755126953125,305.59062020483174,288.6315192797706,289.0984547837663,1505145300
2020-08-01,326.21038818359375,328.068781849318,306.0574700136674,306.6084503341717,1045563300
2020-09-01,312.7440185546875,335.0261630651388,298.6518825325618,327.050898130369,1814712700
2020-10-01,306.1668395996094,331.9323156583226,302.4726579865341,316.62117384199956,1629016100
2020-11-01,339.470703125,341.6459628137764,306.82315175540344,309.5984949225548,1535244300
2020-12-01,350.5532531738281,354.8474897508909,339.4425809381755,342.761724769027,1344541500
2021-01-01,348.46002197265625,363.31855849962443,343.5165921373557,353.3940265557597,1402265400
2021-02-01,358.1491394042969,371.1527408900277,348.75193266907525,351.89689233911884,1307806200
2021-03-01,373.18658447265625,374.8720667669274,350.16434172988494,363.0737481780821,2401715800
2021-04-01,394.218994140625,397.4498455493669,376.1565319705786,376.36436485452856,1462106600
2021-05-01,396.80743408203125,399.43367005937387,381.65460458035386,396.23115842528716,1547235900
2021-06-01,404.38397216796875,405.06415007586554,391.76292844656564,399.1976336387862,1282152400
2021-07-01,415.6111755371094,418.7293521008928,399.9348802606961,406.47455896962566,1422104700
2021-08-01,427.97967529296875,429.4108328194889,413.3269997708908,417.345579037354,1254001400
2021-09-01,406.7304992675781,430.33968384132913,406.389283279319,428.9275002852754,1745559600
2021-10-01,436.66253662109375,436.95728745458723,405.3901637830063,409.7829609804614,1508665200
2021-11-01,433.1540832519531,450.24977913697495,432.90686160767046,437.66094543387646,1335351500
2021-12-01,451.5998840332031,455.44119156058133,426.8406384779113,438.9350278570534,1927433900
2022-01-01,429.2848205566406,457.9763312882151,401.47114716146655,454.46501106117694,2485167800
2022-02-01,416.6136474609375,437.11847561136614,391.8151120695752,430.01954397687064,2297975100
2022-03-01,430.93560791015625,440.88746135196203,396.0897654091536,415.09659123866135,2380929500
2022-04-01,394.333984375,438.1988416781414,393.5778503526472,433.87266382112085,1856757400
2022-05-01,395.22412109375,411.2367721610991,364.22297504619087,394.4010107342377,2418478100
2022-06-01,361.07403564453125,399.5407457149941,346.64065828439,397.3680907274918,1958611900
2022-07-01,396.0278015136719,397.0275158449995,356.66439073936294,361.9705126483454,1437748400
2022-08-01,379.86907958984375,415.00299849249035,379.7345190252092,393.2978249816464,1443394400
2022-09-01,343.3412780761719,395.7777901705731,343.2067175425888,377.6677376641512,1998908600
2022-10-01,372.7716064453125,375.9664308531388,335.9973106088059,348.5160136398266,2024732000
2022-11-01,393.49456787109375,393.49456787109375,355.9577797651924,376.5649019607359,1745985300
2022-12-01,369.1231689453125,396.20680625878776,361.7296985584655,394.54665325474764,1735973600
2023-01-01,394.1380310058594,395.76701395075247,366.35790921480725,372.69934303931996,1575450100
2023-02-01,384.228271484375,405.60875017803625,381.6878279110508,392.90650272044985,1603094700
2023-03-01,396.9596252441406,397.26021028599035,369.09224338578906,383.4040920765635,2515995800
2023-04-01,404.8402404785156,404.84998335831295,393.01419634252693,397.9490243676954,1395683000
2023-05-01,406.7090759277344,411.3129432425645,392.97526850488083,404.39252795010344,1780705600
2023-06-01,431.46099853515625,432.45379198296723,405.67730049061504,406.94262722040753,1749755000
2023-07-01,447.2392883300781,448.85125469508944,426.98704344149115,432.712003091108,1374632400
2023-08-01,439.9707946777344,446.7117644940198,423.03043303657756,445.7543398096542,1754764700
2023-09-01,417.62786865234375,443.2142694629163,412.5574803249366,442.7257929752219,1588673200
2023-10-01,410.0028991699219,429.5520588346629,401.18909126865907,418.25784250649986,1999149700
2023-11-01,447.4541320800781,449.33651146960074,410.44406697947676,410.98330442265194,1499960600
2023-12-01,465.99346923828125,468.1895535321901,445.4050892246722,446.83646345770893,1643108100
2024-01-01,475.3345031738281,483.93792198138254,459.14153949638154,464.7820131085119,1700630800
2024-02-01,500.1407470703125,502.1587318688515,476.24014667416475,477.0571939469696,1393465400
2024-03-01,514.8964233398438,516.4123373995267,497.02019109075826,501.0265997642884,1473246900
2024-04-01,495.6713562011719,517.7898372374034,487.6533793282199,517.246761439028,1592974000
2024-05-01,520.7422485351562,526.3706255775546,493.27187042792434,495.07888869412517,1153264400
2024-06-01,537.3804931640625,543.3643920487452,516.0322070596986,522.3715671846305,888923200
2024-07-01,545.642333984375,559.8576790326406,532.4076911464912,540.5109396629882,1038465500
2024-08-01,558.3916015625,558.9067423208585,505.4826853833546,547.3858490177877,1244599000
2024-09-01,568.3770141601562,569.3181133871112,534.3789959001133,553.1115563623314,1045061400
2024-10-01,565.0328369140625,582.4019328254126,561.6842194189883,569.7626514756926,976068800
2024-11-01,598.7276611328125,599.5225741357542,564.2875564507733,567.695790678767,901843000
2024-12-01,582.3622436523438,605.2063978702545,577.2249956589322,599.145056569691,1059516700
2025-01-01,600.0150146484375,608.9481635131235,573.6243724499419,587.6223022981136,995606200
2025-02-01,592.39794921875,611.3908029672853,580.6931691446642,590.8924682205962,871641300
2025-03-01,557.7122802734375,595.5484720004027,545.2298110498318,594.3919170197865,1496591400
2025-04-01,554.5399780273438,567.4199829101562,481.79998779296875,557.4500122070312,2236888000
2025-05-01,582.8599853515625,595.5399780273438,556.0399780273438,560.3699951171875,1040569631
